84,28.10.1987,ALBANIA,RОМÂNIA	
100,01.05.1991,ALBANIA,СZЕСНОЅLОУАКІА	
103,16.10.1991,СZЕСНОЅLОУАКІА,ALBANIA	
109,11.11.1992,АLВАNIA,LАТУ
117,14.05.1994,MACEDOŇIA,ALBANIA	
156,06.10.1999,GREECE,A.LBANIA	
159,08.02.2000,ALBANIA,AZERØAI,iAN	
161,26.04.2000,MACEDONiA,ALBANIA	
217,16.08.2000,ENTONIA,ANDORRA	
233,30.04.2003,ANDORRA,ESTONIλ	
252,11.10.1942,ROMANIA,ĆROATIA	
289,16.06.1996,ĆROATIA,DENMARK	
290,19.06.1996,lORTPGAL,CROATIA	
292,08.10.1996,BOSNIA-HERCEGOVINA,CROATIA	
301,06.09.1997,CROATIA,BOSNIA-HERCEGOVINA	
325,13.06.1999,CROATIA,EGYIPT	
331,09.10.1999,CRΠATIA,YUGOSLAVIA	
345,15.08.2001,IRELAND,CRΠATIA	
350,13.11.2001,SOUТН KOREA,CROATIA	
353,17.04.2002,CROATIA,BOSNIA	
356,08.06.2002,ITALY,ĆROATIA	
472,20.07.1977,ICELAŇD,SWEDEN	
490,03.07.1980,GREENLAND,ICELAND	
520,03.08.1984,ICELAND,GREENLAND	
579,01.05.1991,WALEŚ,ICELAND	
589,02.03.1992,UNITED ARAB EMMIRATES,ICELAND	
608,30.08.1994,ICELAND,UNITED ARAB EМIRATES	
635,27.07.1997,ICELANЛ,FAROE ISLANDS	
715,16.06.1927,ESTONIA,LATVI
727,16.08.1929,LATVIA,ЕЅТОNІЛ	
729,18.09.1929,ЕЅТОNІА,LATTlA	
730,27.06.1930,ЕЅГОNІА,LATTiA	
732,04.08.1930,LATVTA,FINLAND	
736,28.05.1931,LАТVIA,ЕЅТОNІА	
737,30.06.1931,LATVTA,LIThUANIA	
739,26.07.1931,SWEDEN,LAТVIA	
741,31.08.1931,LITHUANIA,LAW/A	
742,01.09.1931,ЕЅТОNіА,LAT%IA	
749,30.08.1932,LATVIA,ESTONLА	
756,03.09.1933,ESТONlA,LATVIA	
769,08.09.1935,LITHUTANIA,LATVIA	
775,31.08.1936,LATVIA,EsTONIA	
778,12.07.1937,LnTVIA,RONt&N
784,0510.1937,АUЅТRІА,LАТVіА	
785,10.10.1937,POLAND,LATViA	        
786,17.05.1938,LATViA,LiTHUANIA	
789,20.07.1938,ENTONIA,LATVIA	
790,28.05.1938,LATViA,СZЕСНОЅLОVAKIA 
792,05.09.1938,ESTONLЛ,LATVIA	
797,24.09.1939,FINLAND,LAT«A	
798,18.07.1940,ESTONIA,LATVTA	
801,10.07.1992,IA,ESTONIA	
805,12.09.1992,OF IRELAND,FLAT"IA	
836,06.09.1995,LATVIA,LIECHTENSTEiN	
859,11.10.1997,SCOTLAND,LATYIIA	
862,10.02.1998,ALBANIA,LATViA	
868,06.09.1998,NORWVAY,LATVIA	
888,07.10.2000,LATVIA,BELGILI	
907,20.11.2002,SAN МARINO,LATVIA	
911,07.06.2003,IIUNGARY,LATVIA	
926,06.06.2004,LATVIA,AZERBALJAN	
952,11.10.1995,LIEĆHTENSTEIN,NORTHERN IRELAND	
953,24.04.1996,MACEDOŃIA,LIECHTENSTEIN	
961,20.08.1997,LIECHTENSTEIN,ICELANЛ	
964,02.06.1998,AUSTRIA,LIECHTENŚTEIN	
970,05.06.1999,AZERBAIJAN,LIECΣΡITENSTEIN	
975,09.10.1999,LIECHTENSTEIN,ROМÂNIA	
981,24.03.2001,SPAIN,LIECITENSTEIN	
986,07.10.2001,BOSNIA-HERZEGOVINA,LIEĆHТENSTEIN	
991,08.09.2002,LIECITENSTEIN,MACEDONIA	
1006,08.09.2004,SLOVAKIA,LIECHTEŃSTEIN	
1137,23.03.1952,LUXEMBOURG,SW~ТZERLAND „B"	
1142,29.06.1952,SAAR Amateurs,LUXEMBOURG	
1156,10.10.1954,LUXEMBOURG,SWITZERLAŃD „B"	
1226,20.09.1964,ÝUGOSLAУIA,LUXEMBOURG	
1247,22.11.1967,BELGrUM,LUХЕГvГВOURG	
1249,31.03.1968,LUXEMBOiJRG,FRANCE Amateurs	
1329,13.05.1980,BIRMANIA,LUXEMBOURG	
1353,01.05.1984,LUXEiMBOURG,NORWAY	
1393,18.12.1991,GERМANY,LUXEMBOURG	
1438,26.04.2000,LUXEMBOURG,ESТONIA	
1440,03.09.2000,LUXEMBOURG,УUGOЅLАVІА	
1463,11.06.2003,LUXEMBOURG,DENNLARK	
1487,14.11.1971,MALTA,IJl
1510,30.04.1977,AUSTRIA,NIALTA	
1525,14.06.1981,LIECHTENsTEIN,MALTA	
1527,22.06.1981,TIIAILAND,MALTA	
1530,15.11.1981,     POLAND,чIALTA	
1535,01.02.1983,  MALTA,ТіЈNІЅІА	
1537,15.05.1983,MАLТА,ЅРАІN	
1541,17.12.1983,hOLLAND,MALTA	
1573,23.11.1988,NLALTA,CYPRUS	
1580,23.03.1989,SPAIN,MАLTЛ	
1582,26.04.1989,NIALTA,NORTHERN IRELAND	
1596,09.02.1991,)IALTA,PORTUGAL	
1621,08.02.1994,MALTA,TUNiSI A	
1625,30.03.1994,MALTA,ЅLОУАКІА	
1630,16.08.1994,ЅLОVАКІА,МАLТА	
1631,06.09.1994,CZECН REPUBLIC,ITALTA	
1632,12.10.1994,NIALTA,CZECH REPUBLIC	
1634,22.02.1995,MALTA,LUXEMBOuRG	
1638,16.08.1995,MALTA,ALBANiA	
1641,12.11.1995,MALTA,BELGRUS	
1649,22.09.1996,SLOVAICIA,MALTA	
1670,10.10.1998,ГIALTA,CROATIA	
1672,18.11.1998,MALTA,MACEDONiA	
1673,27.01.1999,MALTA,BOSZNIA-HERCEGOVINA	
1714,16.10.2002,і"LALTA,FRANCE	
1716,12.02.2003,MALTA,КАZАКНSTAN	
1723,14.02.2004,MALTA,MOLIOVA	
1749,26.04.1995,NIOLDOVA,BULGARIA	(
1750,07.06.1995,IOLDOVA,ALBANIA	
1754,09.04.1996,NIOLDOVA,UKRAINE	
1756,14.08.1996,TtJRKEY,MOLDOVA	
1757,01.09.1996,MOLDOVA,ENGI,AŇD	
1758,05.10.1996,NIOLDOVA,ITALY	
1759,30.10.1996,MOLDOVA,INDONEZIA	
1760,10.11.1996,POLAND,MOLi)OTA	
1766,07.10.1997,IOLDOVA,POLAND	
1769,16.08.1998,IOLDOVA,LITI[UANIA	
1770,20.08.1998,NIOLDOVA,ESTONIA	
1785,26.04.2000,SAN MARINO,NIOLDOVA	
1799,05.09.2001,SLOVAKIA,HOLDONA	
1800,06.10.2001,NIOLDOVA,TURKEY	
1801,09.02.2002,LIТНUANIA,MOLDOVA	
1810,05.03.2003,ISRАEL,NIOLDOVA	
1812,02.04.2003,MOLDOVA,IIOLLAND	
1816,10.09.2003,МOLDOVA,BELARUS	
1894,12.09.1937,POLAND,DL+ NГ
1901,05.06.1938,BRAZIL,POLANI)	
1903,25.09.1938,LATIA,POLAND	
2099,17.04.1974,BELGIOM,POLAND	
2114,26.03.1975,POLAND,UNITH) STATES	
2153,06.06.1978,POLAND,TUNiSIA	
2247,11.12.1985,TURKEM,POLAND	
2343,22.09.1993,NORWVAY,POLAND	
2344,13.10.1993,POLAND,NORWVAY	
2345,27.10.1993,TURREY,POLAND	
2363,06.09.1995,POLAND,RONIANIA	
2371,27.08.1996,POLAND,ĆYPRUS	
2377,17.02.1997,POLAND,LATITIA	
2396,06.09.1998,BULGARiA,POLAND	
2478,24.01.1926,PORTUGAL,CZEĆHOSLOVAКIλ Amateur	
2514,12.02.1939,PORTUGAL,SWiTZERLAND	
2565,26.05.1957,PORTUGAL,‚TALI	
2576,11.11.1959,FRANĆE,PORTUGAL	
2616,28.07.1966,PORTUGAL,SOViET UNiON	
2619,01.06.1967,SWVEDEN,PORTUGAL	
2639,21.11.1971,PORTUGAL,BELGIUNI	
2656,13.11.1974,SWITZERLANI),PORTUGAL	
2658,09.03.1975,GOIÁS XI,PORTUGAL	
2663,12.11.1975,PORTUGAL,ĆZECHOSLOVAКIA	
2802,15.08.1995,LIECHTENSTEiN,PORTUGAL	
2861,15.08.2001,PORTUGAL,ItiiOLDOVA	
2904,17.11.2004,LUXENIBOURG,PORTUGAL	
3845,10.05.1959,ĆZECHOSLOVAKIλ,REPUBLIC OF IRELAND	
3900,10.10.1971,AUSTRiА,REPUBLIC OF IRELAND	
3927,09.02.1977,REPUBLIC OF IRELAND,ŚPAIN	
3992,27.05.1986,REPUBLIC OF IRELAND,CZEĆHOSLOVAКIA	
4181,26.10.1923,TURKEY,RONIANIA	
4193,06.05.1928,YUGOSLAVIA,RONIÂNIA	
4195,0.05.1929,RONIÂNIA,YUGOSLAVIA	
4216,16.10.1932,AUSTRiА Amateur,ROMANIA	
4256,11.06.1939,RONIANIA,ITALY	
4260,19.05.1940,HUNGARY,RONIÂNIA	
4271,1.10.1946,YUGOSLAVIA,RONIÂNiA	
4296,15.07.1952,HUNGARY,RON
4303,19.09.1954,HUNGARY,RONIÂNiA	
4306,15.06.1955,SWEDEN,RONIÂNIA	
4309,09.10.1955,RONIANIA,BULGARIA	
4310,22.04.1956,YUGOSLAvIA,RONIANiA	
4315,01.06.1957,SOVIET UNION,RONIANIA	
4316,16.06.1957,GREECE,ROЛ
4317,29.09.1957,ROMÂNiA,YUGOSLAViA	
4318,03.11.1957,RONIÂNIA,GREECE	
4322,02.11.1958,RONIÂNIA,TURKEY	
4331,14.05.1961,TURKEY,RONANIA	
4355,22.10.1964,ROIbIÂNIA,YUGOSLAVIA	
4356,02.05.1965,ROМÂNIA,TURKEY	
4357,30.05.1965,RONIÂNIA,CZECHOSLOVAKIA	
4360,23.10.1965,TURKEY,RONIÂNiA	
4381,24.12.1967,ZAIRE,ROMÂNIA	
4385,06.11.1968,ROíNIANIA,ENGLAND	
4399,06.06.1970,CZECHOSLOVAKIA,RONIÂNIA	
4417,17.05:1972,HUNGARY,ROlb
4418,21.05.1972,RONIÂNIA,DENMARK	
4419,17.06.1972,RONIÂNIA,ITALY	
4421,20.09.1972,FINLAND,RONÂNIA	
4422,29.10.1972,RONÂNIA,ALBANIA	
4430,22.04.1974,ARGENTINA,RONIÂNIA	
4436,04.12.1974,iSRАEL,ROMÂNiA	
4445,12.10.1975,RONIANIA,TURKEY	
4462,08.05.1977,YUGOSLAVIA,ROМ NSA	
4469,05.04.1978,ARGENTINA,RONIÂNIA	
4474,25.10.1978,RONIANIA,YUGOSLAVIA	
4488,30.03.1980,YUGOSLAVIА,ROMÂNIA	
4533,22.01.1984,ECUADOR,RОN
4551,28.08.1985,ROMÂNIA,FiNLAND	
4557,14.03.1986,IRAQ,RONIANIA	
4575,03.02.1988,ISRAEL,RONILNiА	
4599,14.06.1990,CANIEROON,RONIÂNIA	
4627,06.02.1993,UNITED STATES,RONIANIA	
4629,14.04.1993,ROMÂNIA,CYPRUŚ	
4635,13.02.1994,UNITED STATES,RONIÂNIA	
4640,01.06.1994,RQMÂNIA,SLOVENIA	
4642,18.06.1994,ĆOLOMBIA,ROMÂNIA	
4649,12.10.1994,ENGLAND,RONIÂNiA	
4655,26.04.1995,AZERBAIJAN,ROЛIÂNIA	
4664,13.06.1996,BULGARIA,RONI&NiA	
4667,31.08.1996,RONIÂNIA,LITHUANIA	
4698,05.06.1999,RONIÂNIA,HUNGARY	
4708,26.04.2000,ROMANIA,ĆYPRUS	
4731,10.11.2001,SLOVENIA,ROМÂNIA	
4739,16.10.2002,LUXEMBOURG,RONIÂNiA	
4746,20.08.2003,UKRAINE,RоNI NIA	
4777,10.03.1993,SAN MARINO,ТtтRКEY	
4781,22.09.1993,SAN NIARINO,HOLLAND	
4782,17.11.1993,SAN NIARINO,ENGLAND	
4790,11.10.1995,SAN N/TARINO,FAROE ISLANDS	
4798,07.06.1997,BELGIUM,SAN NIARINO	
4803,10.02.1999,CYPRUS,SAN NIARINO	
4815,06.06.2001,SAN NIARINO,BELGIUM	
4828,04.09.2004,SAN MARINO,SERB
4881,26.04.2000,ARM[:NIA,GEORGIA	
4886,24.03.2001,ARMENIA,WА LES	
4888,02.06.2001,ARMENIA,BELARUŚ	
4915,12.09.1926,,
4922,02.10.1931,TURKEY,YUGOŚLAVIλ	
4931,02.08.1948,TURKEY,CHINλ P.R.	
4948,25.05.1953,SWIТZERLAND,TURKEY	
4958,18.12.1955,TURKEY,PORTUQAL	
4978,01.06.1961,NORWAY,TI.IRKEY	
4986,10.10.1962,TURKEY,ECHIOFiA	
4988,02.12.1962,ITAALY,TURKEL	
4989,12.12.1962,TURKEY,DENIIARK	
4999,19.04.1965,TURKEM,PORTUGAL	
5004,09.10.1965,TURКЕУ,CZECNOSLOVAKIA	
5006,21.11.1965,CZEĆHOSLOVAКIA,TURKEY	
5042,13.01.1973,iTALY,TtiRKEY	
5052,13.11.1974,TURKEY,AUSTRIλ	
5096,09.09.1981,iCELAND,TURKEY	
5099,22.09.1982,HUNGARP,TURKEY	,
5105,30.03.1983,IRELAŃD,TURKEY	
5110,16.11.1983,TURКEY,AUSTRIA	
5113,03.03.1984,TURKEY,iTALY	
5114,11.03.1984,LUXEMВOURG,TURКEY	
5121,28.03.1985,AI.BANIA,TURKEY	
5140,12.10.1988,TURKEY,iCELAND	
5143,29.03.1989,GREEĆE,TURKEY	
5149,11.04.1990,DENNIARK,TURKEY	
5169,23.09.1992,POLАND,TURKEY	
5179,23.02.1994,TURKEY,CZEĆH REPUBLIC	
5183,12.10.1994,TURKEY,iCELAND	
5187,29.03.1995,TURKEM,SWEDEN	
5190,07.06.1995,CANADA,TURKEM	
5192,18.06.1995,PARAGUAY,TURKE	
5195,30.08.1995,TURKEY,MAĆEDONIA	
5199,15.11.1995,SWEDEN,TURKEI`	
5202,09.04.1996,AZERBAiJAN,TURKEY	
5206,11.06.1996,CROATIA,TLiRKEY	
5216,30.04.1997,TURKEY,BELGIUМ	
5217,12.06.1997,CROATiλ,TURKEY	
5221,11.10.1997,HOLLAND,TI.RKEY	
5226,10.10.1998,TURKEY,GERNIANY	
5240,16.08.2000,ВOSNIA-HERZEGOViNA,TURKEY	
5243,11.10.2000,AZERBAIJAN,TIIRICEY	
5246,24.03.2001,TURKEY,SLOYAКIA	
5249,02.06.2001,TURKEY,AZERBAiJAŃ	
5252,01.09.2001,SLOVAКIA,TURKEY	
5254,06.10.2001,MOLDOVA,TURКЕУ	
5259,17.04.2002,TURKE,CHILE	
5263,13.06.2002,TURKEM,Ci ł
5266,26.06.2002,BRAZIL,TURKEY	
5269,07.09.2002,TURKEY,SLOVAКIA	
5271,16.10.2002,TURKEY,LIEĆHTENSTEIN	
5272,20.11.2002,ITALY,"[URKEV	
5277,,TURKEY,MACEDONIA	
5279,,CAMEROON,TURKEY	
5285,,REPUBLIC OF IRELAND,TURKEY	
5286,11.10.2003,,
5290,,,
5293,21.05.2004,AUSTRALIA,TURКЕУ	
5328,31.08.1996,AZERBAIJAŃ,SWITZERLAND	
5367,07.10.2000,MAĆEDONIA,AZERBAIJAN	
5386,07.09.2002,AZERBAIJAN,ITALIA	
5388,20.11.2002,AZERBAIJAN,V
5393,11.10.2003,ITALIA,AZERBAIJAN	
5395,27.01.1993,ECUADOR,BELARIJs	
5433,27.03.1999,BELARUS,SWITZERLANО	
5441,29.03.2000,BULGÁRIA,BELARUS	
5459,07.09.2002,IIOLLAND,BELARUS	
5464,30.04.2003,UZBEKISTAN,BELARUŚ	
5465,07.06.2003,BELARUŚ,HOLLAND	
5484,26.10.1908,BELGIUM,ŚWEDEN	
5501,10.03.1912,BELGIUM,HOLLANЛ	
5521,02.09.1920,BELGIUM,C:SEHSZLOVÀKIλ	
5587,28.09.1930,BELGIUM,SWFDEN	
5595,20.03.1932,BELGIUM,HOLLAŃD	
5602,12.03.1933,SWITZEIILAND,BELGIUM	
5604,09.04.1933,BELGIUM,IIOLLANII	
5621,16.02.1936,BELGIUM,POLANЛ	
5626,24.05.1936,SWITZERLÁND,BELGIUM	
5654,23.01.1946,SCOTLAN),BELGIUM	
5677,05.03.1950,ITALY,BE+LGIUM	
5728,31.03.1957,BELGIUM,SPAIŃ	
5733,27.10.1951,BELGIUГ"I,FRANCE	
5738,26.05.1958,ŠWITZERLAND,BELGIUM	
5748,27.03.1960,BELGIUM,ŚWITZERLAND	
5750,24.04.1960,BELGIUЛΡI,HOLLAND	
5775,01.12.1963,SPAIN,IELGIUM	
5842,01.06.1974,BELGIUM,SCOTLAŃD	
5855,26.03.1977,BELGIUM,IIOLI,ANI)	
5875,06.06.1980,BELGIŮM,ROMANIA	
5893,19.06.1982,BELGIUM,EL ŚALVADOR	
5925,08.06.1986,BELGIUM,IRAK	
5931,10.09.1986,BELGIUM,IRELANЛ	
5968,27.02.1991,BELGIUїI,LUXEMBOURG	
5984,06.10.1993,BELGIUM,GABUN	
6035,30.03.1999,BELGIUM,EGYIPT	
6080,29.03.2003,CROATIA,BELGIA	
6086,11.10.2003,BELGIUM,ESTONIλ	
6704,30.11.1995,ALBANIA,ВОıNIA-HERZEGOVINA	
6705,24.04.1996,BUSNIA-HERZEGOVINA,ALBANIA	
6707,08.10.1996,BOŚNIA-HERZEGOVINA,CROATIA	
6709,11.11.1996,SLOVENIA,ВOSN
6722,14.05.1998,ARGENTINA,BOSŇIA-HERZEGOVINA	
6732,04.09.1999,BOSNIA-НERZEGOVINA,SCGTLAND	
6734,05.10.1999,SCOТLAND,BOSNIA-HERZEGOVINA	
6738,25.04.2000,BOSNIA-HERZEGOVINA,WORLD „XI"	
6739,16.08.2000,BOSNIA-řERZEGOVINA,TURKEY	
6740,02.09.2000,BОS`NIA-HERZEGOVINA,SPAIN	
6741,11.10.2000,ISRAEL,BOŚNIA-HERZEGOVINA	
6744,28.03.2001,LIECНТEŇSТEIN,BOSNIA-HERZEGOVINA	
6750,27.03.2002,ВOSNIA-HERZEGOVINA,MACEDONIA	
6752,21.08.2002,BOSNIA-HERZEGGVINA,YUGOSLAVIA	
6753,07.09.2002,IЮINIA-HERZEGGVINA,ROMANIA	
6755,16.10.2002,NORWAY,BΠSNIA-IIERZEGOVINA	
6757,29.03.2003,BOŚNIA-HERZEGOVINA,LUXEMBOURG	
6777,15.06.1930,BLLGARIA,YUGOSLAVIA	
6779,12.10.1930,BULGARIA,RONIAN/A	
6784,17.05.1931,BULGARIA,ITALIA B	
6788,20.03.1932,ITALIA B,BULGARIA	
6799,7.06.1933,YUGOŚLAVIA,BULGARIA	
6841,29.08.1948,BI.ILGARIA,CZECHOSLOVAKIA	
6864,23.01.1955,LIBAN,BULGARIA	
6876,5.12.1956,BULGARIA,UŚSR	
6921,30.09.1962,,
6928,30.04.1963,,
6929,2.06.1963,,
6930,16.06.1963,,
6932,18.09.1963,,
6936,18.03.1964,,
6937,1.04.1964,,
6938,23.04.1964,,
6943,23.02.1965,GRESCE,BULGARIA	
6949,27.10.1965,BELGIUІM,BULGARIA	
6954,14.06.1966,ITALIA,BULGARIA	
6959,13.11.1966,BULGARIA,NORGE	
6964,29.06.1967,NORGE,BULGARIA	
6971,6.04.1968,BŮLGARIA,ITALIA	
6973,20.04.1968,ITALIA,BULGARIA	
6976,9.10.1968,TURKЁY,BULGARIA	
6982,26.10.1968,,
6986,24.05.1969,ITALIA,BULGARIA	
7002,11.06.1970,BULGARIA,MAROC	
7003,15.11.1970,BULGARIA,NORGE	
7007,5.05.1971,BULGARIA,GREAT BRITALN	
7009,9.06.1971,NORGE,BULGARIA	
7015,24.11.1971,,
7018,16.04.1972,BULGARIA,POLANI)	
7020,31.05.1972,,
7022,21.06.1972,BULGARIA,ITALIA	
7023,11.10.1972,BULGARLA,YUGOSLAVIA B	
7028,4.02.1973,INDONEZIA,BULGARIA	
7051,19.06.1974,BULGARA,URUGUAY	
7053,25.09.1974,BULGARIA,ROМANIA	
7057,29.12.1974,IТALIA,BULGARIA	
7067,21.12.1975,MALTA,BULGA RIA	
7070,1.02.1976,JAPAN,BUl GARTA	
7073,5.05.1976,BULGARIA,NORTH KOREEA	
7101,20.09.1978,ITALIA,BULGARIA	
7113,5.05.1979,,
7124,23.05.1980,NORGE,BULGARIA 
7137,29.04.1981,BULGARIA,NORGE	
7141,9.09.1981,ROМÂNIA,BULGARIA	
7142,23.09.1981,ITALIA,BULGARIA	
7147,16.12.1981,IULGARIA,PORfUGAL	
7157,16.11.1982,,
7163,9.03.1983,,
7168,04.05.1983,,
7173,21.09.1983,,
7174,12.10.1983,,
7178,4.02.1984,MAROC,BULGARIA	
7180,28.03.1984,,
7182,11.04.1984,,
7183,25.04.1984,,
7204,19.02.1986,MAROC,BULGARIA	
7207,30.04.1986,BULGARIA,NORTH KOREEA	
7208,31.05.1986,BULGARIA,ITALIA	
7209,5.06.1986,BULGARIA,SOUTH KOREEA	
7212,10.09.1986,SCOTLAŇD,BULGARIA	
7235,24.12.1988,UNITED ARAB EМIRATES,BULGARIA	
7241,20.09.1989,ITALIA,BULGARIA	
7245,12.09.1990,SWITZERLANЛ,BULGARIA	
7252,1.05.1991,BULGARIA,SWІТZERLAND	
7256,29.05.1991,BRASIL,BULGARIA	
7260,25.09.1991,BULGARIA,ITALIA	
7267,28.04.1992,SWITZERLÀND,BULGARIA	
7270,06.05.1923,ĆZECHOŚLOVAKIA,DENMARK	
7286,18.02.1993,UNITED ARAB EMIRATS,BULGARIA	
7288,20.02.1993,UNITED ARAB EMIRATE,RULGARLA	
7303,03.07.1926,ĆZECHOSLOVAКIA,SWEDEN	
7308,3.06.1994,BULGARIA,UKRAINA	
7319,18.09.1927,CZEĆHOSLOVAKIA,AUSTRIλ	
7322,13.07.1994,ITALIA,BULGARIA	
7359,2.06.1996,BULGARIA,UNITED ARAB EMIRATE	
7388,10.09.1997,BULGARIA,RUUSSIA	
7423,23.09.1934,AUŚTRIA,CZECHOSLOVAKIA	
7427,19.05.1999,SLOVAKLA,BULGARIA	
7434,18.08.1999,UKRAINA,BULGARIA	
7451,15.05.1937,CZECHOSLOVAKIA,SCOТLAND	
7452,26.04.2000,BULGARIA,UKRAINA	
7467,28.01.2001,JAMAIĆA,BULGARIA	
7476,25.04.2001,NORGE,BULGARIA	
7481,28.08.1938,YUGOSLAVIA,ĆZECHOSLOVAКIA	
7523,10.09.2003,ANDORRA,BtLGARIA	
7573,13.10.1957,AUSTRIλ,CZECHOSLOVAKIλ	
7587,10.05.1959,60000,CZECHOSLOVAKIA
7637,19.10.1966,YUGOŚLAVIA,ĆZECHOSLOVAKIA	
7665,25.10.1970,CZEĆHOŚLOVAKIA,POLAND	
7667,16.05.1971,CZEĆHOSLOVAKLA,ROMANIA	
7702,24.09.1975,CZECHOSLOVAKIA,ŚWITZERLAND	
7767,18.08.1981,CZECHOSLOVAKIA,EUROPE XI	
7773,03.03.1982,SRAZIL,CZECHOSLOVAKIA	
7811,10.08.1986,AUŚTRALIA,CZECHOSLOVAKIA	
7840,04.04.1990,CZECHOSLOVAKIA,EGYIPT	
7856,05.06.1991,ICELANI),CZECHOSLOVAKIA	
7863,04.01.1992,EGYIPT,CZECHOSLOVAKIA	
7889,08.05.1995,SLΠVAKIA,CZECH REPUBLIC	
7917,24.08.1997,ЅLOУАКІА,CZECH REPUBLIC	
7920,11.10.1997,CZECH REPUBLIC,ЅІОУАКІА	
7921,3.12.1997,CZECH REPUBLIC,ЅОUТН AFRICA	
7923,17.12.1997,UNITED ARAB ЕМТRАТЕЅ,CZECH REPUBLiC	
7930,27.05.1998,ЅОUТН KOREA,CZECH REPUBLIC	
7941,09.06.1999,CZECH REPUBLIC,SCOTLANП	
7991,27.11.1960,ISRAEL,ĆYPRUS	
8005,27.11.1960,ISRAEL,ĆYPRUS	
8026,03.02.1971,ĆYPRUS,NORTHERN IRELAND	
8027,21.04.1971,NORTHERN IRELAND,ĆYPRUS	
8029,07.06.1971,SOVIEТ UNION,CYPRUS	
8031,29.03.1972,PORTUGAL,ĆYPRUS	
8052,30.01.1977,CYPRUŚ,BULGARIA	
8054,16.11.1977,PORTUGAL,ĆYPRŮS	
8072,05.12.1981,FRANCE,ĆYPRUS	
8077,22.12.1982,GREECE,ĆYPRUS	
8093,0705.1985,AUSTRIA,СYPRUЅ	
8115,31.10.1990,HUNGARY,ĆYPRUS	
8119,03.04.1991,CYPRUS,Ht.JNGARY	
8121,30.05.1991,20010,.	SOVIET UNION
8126,25.03.1992,ĆYPRUS,GREECE	
8131,14.10.1992,СYPRUS,WALES	
8134,22.12.1992,ĆYPRUS,GEORGIA	
8146,08.10.1994,ARMENZA,CYPRUS	
8148,29.11.1994,ISRAET.,CYPRUS	
8149,17.12.1994,МACEDОNL),CYPRUS	
8152,15.02.1995,ĆYPRUS,ESTONIA	
8153,08.03.1995,CYPRUS,SWEDEŃ	
8158,11.10.1995,CYPRUS,MAĆEDONIA	
8177,19.08.1997,GREECE,CÝPRUS	
8183,05.09.1998,CYPRUS,SPAiN	
8188,10.02.1999,CÝPRUS,SAN MARINO	
8194,10.10.1999,АUЅТRІА,CYPRUS	
8195,02.02.2000,CYPRUS,LIFHUANIA	
8204,26.02.2001,CYPLUS,LITHUANIA	
8205,28.02.2001,CYPLUs,UKRAINE	
8257,06.10.1918,DENIbIARK,NORWAY	
8266,10.10.1920,ŚWEDEN,DENMARK	
8273,10.09.1922,NORWAY,DENIIARK	
8435,04.11.1956,DENMARK,BOLLAND	
8446,15.05.1958,DENMARK,DUTCH ANTILLES	
8482,11.09.1962,DENMARK,DUTCH ANTILLES	
8543,15.01.1969,SURINAM,DENMARK	
8579,07.06.1972,DENMARK,F INLAND	
8600,10.03.1974,DAHOMEY,DENMARK	
8635,24.05.1978,DENMARK,REPUBLIC 
8670,20.05.1982,AUSтRIA,DENMARK	
8702,12.69.1984,DENMARK,AUЛTRIA	
8736,18.11.1987,іЯ NМARK,WEST GERMANY Olympic	
8744,11.06.1988,ŚPAIN,DENMARK	
8805,03.06.1992,DENMARK,C.I.S.	
8854,07.03.1891,ENGLAND,WΛLES	
8868,13.03.1893,ENGLAND,WALEŚ	
8874,12.03.1894,WALES,ENGLANЛ	
8894,14.08.1996,SVEDEN,DENMARK	
8909,20.08.1997,BOŚNIA-HERZEGOVINA,DENMARK	
8938,05.09.1998,BELGRUS,DENMARK	
8941,01.04.1905,ENGLAND,SCOTLANП	
8946,07.04.1906,SCΠTLAND,ENGLAND	
8951,05.06.1999,DENMARK,BELGRUS	
8952,06.04.1907,ENGLAND,SCOTLANI)	
8957,04.04.1908,SCOTLAND,ENGLANЛ	
9023,26.05.2002,DENMARK,TUNISЖA	
9040,03.03.1924,ENGLANT),WALES	
9048,02.04.2003,DENMARK,ВOSNIA-HERZEGOVINA	
9062,11.10.2003,ВOŚNIA-HERZEGOVINA,DENMARK	
9132,26.10.1938,ENGLAND,F.I.F,A. X
9194,21.10.1953,ENGLAND,F.I.F.A.-WORLD XI	
9285,23.10.1963,ENGLAND,F.I,F.A.-WORLD XI	
9326,24.05.1967,ENGLAND,ŚPAIN	
9338,06.11.1968,ROМÂNIA,ENGLAND	
9420,30.03.1977,ENGLAND,LUXEr"IBOURG	
9510,01.07.1927,SWEDEN,EŚTONIA	
9512,10.08.1927,EŚTONIA,FINLAND	
9530,25.07.1929,ESTΠNIA,FINLAND	
9536,27.08.1929,FINLAND,ESTΠNIA	
9540,27.06.1930,EŚTONIA,LATVIA	
9582,11.06.1933,SWEDEN,ESTOŃIA	
9595,29.06.1934,LITHUANIA,EŠTONIA	
9601,12.06.1935,LATVIA,ESTONIÁ	
9661,04.08.1939,FINLAŃD,ESTONIA	
9680,07.04.1993,SLOVENIA,EŚTONIA	
9682,14.04.1993,ITALY,ESTONIλ	
9692,04.07.1993,ESTONIλ,LITHUANIA	
9711,7.03.1991,ENGLAND,REPUBLIC OF IP.ELAND	
9714,30.07.1994,LATVIA,EŚTONIA	
9722,26.10.1994,EŚTONIA,FINLAND	
9737,29.04.1992,С.І.Ѕ.,ENGLAND	
9752,16.02.1996,ESTONIA,AZERBAIDJAN	
9756,24.02.1996,ESTOŇIA,FARGE ISLANDS	
9762,07.07.1996,ESTONIλ,LATVIA	
9781,01.03.1997,ESTONIA,AZERBAIDJAN	
9789,04.06.1997,ESTONIA,AZERBAIDJAN	
9803,20.08.1997,ESTOŃIA,AUSTRIA	
9808,27.11.1997,PHILLIPINES,ESTONIA	
9826,23.09.1998,ESTONIA,EGYIPT	
9828,10.10.1998,SCOTLAND,EŠTONIA	
9861,09.10.1999,ESTONIA,BOSNIA I HERZEGOVINA	
9866,22.06.1998,ROМÂNIA,ENGLAND	
9878,04.06.2000,EŚTONIA,BELARUS	
9904,06.06.2001,ESTONIA,REPUBLIC of IREAND	
9965,15.11.2003,ALBANIA,EŚTONIA	
10034,19.08.1998,BOSNIA I HERZEGOVINA,FAROE ISLANDS	
10050,07.11.2000,SWITZERLANЛ,FAROE ISLANDS	
10056,15.08.2001,YUGOŚLAVIA,FAROE	
10098,05.07.1925,FSTONIA,FINLAND	
10099,10.07.1925,FINLAND,AUS"ГRIA	
10102,27.09.1925,DEŃМARK,FINLAND	
10103,06.06.1926,FINLAM),NORWAY	
10114,12.08.1928,FINLAND,ESΓON
10138,17.08.1932,ESTONıA,FINLAND	
10163,27.09.1936,FINLAND,S
10172,04.07.1938,FINLAŃD,SWEDEN	
10176,09.06.1939,SWEDEN,FiNLAND	
10178,20.07.1939,FINLAND,I FALY	
10189,26.08.1945,SWEDEŃ,FiNLAND	
10227,04.08.1952,FINLAND,CH
10231,25.05.1953,,
10237,25.05.1954,FINLAIiD,ЅСОГLАND	
10240,29.08.1954,,
10256,27.07.1957,USSК,FINLAND	
10279,30.10.1960,EAST GERMANY,FiNLAND	
10280,16.06.1961,FINLAND,BULGARIn	
10286,19.06.1962,FINLAND,ŚWEDEN	
10291,22.07.1963,USSR,ГіЃLАІ"D	
10313,18.09.1966,FINLAND,DENMMARK	
10316,10.05.1967,FINLAND,GREEĆE         
10317,24.05.1967,FINLAND,НOLLAND       
10323,24.09.1967,AUS"IІZIA,FINLAND	
10330,11.09.1968,F INLAND,SWEDEN        
10334,15.05.1969,FINLAND,НOLLANDamateur	
10341,15.10.1969,SPAIŃ,FINLAND	
10352,25.08.1971,FiNLAND,NORWAY	I-
10354,22.09.1971,FINLAND,RONIÂNiA	
10355,13.10.1971,WALES,FIŃLAND	
10366,06.06.1973,FiNLAND,EAST GERMANY	
10378,15.05.1975,FiNLAND,NORWAY	
10379,5.06.1975,FINLANΠ,ITALY	
10382,03.09.1975,HOLLAND,FINLAŃD	
10384,09.05.1976,liNLANI),sWIFZI/RLANI)	
10422,28.06.1978,SWEDEN,F INLAND	
10429,09.02.1979,BAHRAIN,FiNLAND	
10430,10.05.1979,RENMARK ıılyı»pic,FINLAND	
10432,04.07.1979,FINLAND,ŮSSR	
10439,26.10.1979,NOR t%AY olympic,FINLAND	
10456,13.05.1981,BULGARIA,FiNLAND	
10458,17.06.1981,AUŚTRIA,FINLAND 
10470,08.09.1982,FINLAND,POLANI)	
10471,22.09.1982,FINLAND,PORTUGAI.	
10480,22.06.1983,DEŃMARK olympic,FINLAND	
10489,27.05.1984,FINLAND,NORTIIERN iKELAND	
10495,22.11.1984,,
10496,24.11.1984,,
10497,23.01.1985,SPAIN,FIN!."Г)
10498,08.02.1985,,
10499,14.02.1985,,
10500,17.02.1985,ECUADOR, ( a " )
10501,26.02.1985,,
10503,22.05.1985,FINLAND,FNCLAO	
10504,06.06.1985,FINLANI),ROI"IЦ&INIA	t
10518,01.04.1987,WALES,FiŃLAND	
10535,08.03.1908,SWiTZERLAND,FRANCE	
10540,19.05.1988,FINLAND,(/OLONlBiA	
10547,17.08.1988,FINLAŃD,UŚSR	
10549,31.08.1988,FINLAND,WEST GERıМANY	
10555,06.11.1988,K(iWAIГ,FINLAND	
10562,08.02.1989,ALGERIA,FiNLAND	
10567,28.01.1912,FRANCE,BELGILN
10573,12.01.1913,FRANCE,IFALY	
10579,22.10.1989,TRINIDAD TOBAGO,FINLAND	
10581,25.10.1989,TRINiDAΠ TOBAGO,FINLAND	
10585,12.02.1990,UNITED ARAB EMIRАTES,FINLAND	
10588,29.03.1914,ITALY,FRANC_	
10590,10.03.1990,USА,FINLAND	
10596,29.08.1990,FINLAND,(ZECHOsLOVAKIA	
10601,11.11.1990,ГUNISIA,FINLAND	
10609,16.05.1991,FiNLAND,MALTA	
10624,15.04.1992,BRASIL,,FINLAND	
10633,09.09.1992,FINLAND,SWEDEŃ	
10640,11.11.1924,BELGIUNI,FRANCE	
10641,22.01.1993,CAMEROOŃ,FINLAND	
10668,10.11.1993,ISRAEL,FiŃLAND	
10669,21.02.1928,PRANCE,REPUBLIC OF IRELAND	
10670,25.01.1994,QATAK,FINLAND	
10691,26.10.1994,ЕSTONIA,FINLAND	
10701,16.02.1995,TRINIDAD TOBAGO,FINLAND	
10734,12.02.1933,FRANCE,AUSTRLА.	
10739,26.03.1933,FRANCE,BELGiUM	
10747,21.02.1997,МALAYSiA,FINLAND	
10768,09.02.1998,SLOVAКIA,FINLAND	
10824,06.12.1945,АLJSTRiA,FRANCE	
10831,05.05.1946,FRANCE,AUSTRiλ	
10832,02.09.2000,FINLAND,ALBAiN
10843,15.02.2001,KUWAIТ,FINLAND	
10845,18.02.2001,OМAN,FINLAND	
10846,04.04.1948,FRANCE,iALY	
10850,28.02.2001,i,UXEıNIBOURG,FIŇLAND	
10854,25.04.2001,HUŃGARY,FINLAND	
10861,15.08.2001,FINLAND,BELGiUM       
10863,09.10.1949,YUGOŚLAVIA,FRANCE	
10877,06.02.1951,FRAıNCE,YUGOSLAVIA	
10882,03.06.1951,ІГALY,FRANCE	
10896,26.01.2003,BARBADOS,FiNLAND	
10898,29.01.2003,TRINIDAD TOBAGO,FINLAND	
10913,11.11.1953,FRANCE,SWiТZERLAND	
10934,28.04.2004,BOSNIA & HERZEGOVINA,FINLAND	
10989,03.10.1962,ENGLAND,FRAŃĆE	
10999,25.12.1963,FRANCE,BELGn . Nl	
11023,17.09.1967,POLANI),FRANCE	
11052,08.04.1972,ROIANIA,FRANCE	
11053,11.06.1972,FRANCE,CENTRAL AMERICA XI	
11054,15.06.1972,FRANCE,AFRICA XI	
11055,18.06.1972,FRλtiCE,COLOMBIA 
11060,03.03.1973,FRANCE,PORT
11062,26.05.1973,t,FRANCE	
11063,,Frankreich,GREЕCІ	
11074,25.05.1975,ICELAND,FR W/T	
11075,03.09.1975,FRλNСC,ICELAND -	
11084,23.02.1977,FRANCE,WEST GERř
11086,23.04.1977,sWITZERLAND,FRANCE	
11088,08.10.1977,FRANCE,SOV
11089,16.11.1977,FR%CE,Bl LGARIA	
11164,17.11.1993,FRANCE,Bl
11165,16.02.1994,I ALY,FRANĆE	
11168,29.05.1994,JAIіN,FRANCK;	
11170,07.09.1994,SLOVAKIΛ,FRANCE	
11171,08.10.1994,,
11172,16.11.1994,POI:ΛND,FRΛNCE
11173,,,
11174,,,
11175,18.01.1995,,
11176,29.03.1995,,
11178,22.07.1995,NORlЧλ i,FRA:NCE	
11211,15.11.1995,MOLDOVA,ĞEORGIA	
11212,04.09.1999,UKRAINE,FRANĆE	
11214,08.09.1999,AR:YiENiA,FRANCЕ	
11216,09.01.1999,FRANCE,!CELA;V
11217,08.05.1996,CREECE,CEORCIA	
11218,13.11.1999,FRANCE,CRОAТIA	
11220,23.02.2000,,
11230,10.10.1998,LETONIA,GEORGIA	
11234,28.03.2001,SPAIŃ,FRANCE	
11247,08.09.1999,GEORGIA,LETONIA	
11249,09.05.2001,G EORGiA,AZERBAIJAN	
11275,06.09.2003,FRANCE,CYРRUS	        
11276,11.10.2003,FI:LθNCE,ISRAEL	
11298,09.06.1999,AŃDORRA,FRANCE	
11318,17.11.1993,FRΛNCE:,BULGARIA	
11320,22.03.1994, FRΛNCE,CHILÉ	
11330,26.04.1995,FRANCE,SLOVAКIA	
11377,12.06.1984,FRANCE,DENıNARK	
12338,07.04.1879,WALES,SCΠTLAND	
12339,15.03.1880,VALES,ENGLAND	
12375,28.06.1932,RONIANIA,GREECE	
12402,21.05.1936,BULGARiA,GREECE	
12407,22.01.1938,РАLЕЅТІNА,GRЕЕСЕ	
12409,20.02.1938,GREECE,РАLFЅТІNА	
12412,23.04.1948,GREECE,TURkEY	
12413,24.03.1894,SCOTLAND,WALEŚ	
12414,28.11.1948,HJRKEY,GREECE	
12453,23.03.1901,IRELAND,WF LES	
12458,28.03.1954,GREECE,YUGOSLAViA	
12459,15.03.1902,SCOTLANЛ,WALES	
12487,04.03.1907,WALES,SĆ
12516,11.03.1912,WALEŚ,ENGLAND	
12608,07.12.1932,WАLES,NORTHERN IRELAND	
12624,17.01.1973,GREECE,ŚØiλIN	
12683,21.09.1977,RONIANIA,GREECE	
12691,15.02.1978,GREECE,AŮSTRIA	
12692,08.12.1951,WALES,REST OF UNITED KINGDOM	
12703,18.06.1978,    AUSТRALIA,GREECE	
12722,12.09.1979,GREEĆE,SOVIET UNION	
12729,01.04.1980,S IТZERLAND,GREECE	
12763,14.11.1981,IГALY,GREECE	
12777,19.04.1961,WALES,SРAIN	
12806,14.12.1983,GREECE,LUXEh
12811,21.10.1964,DENNIARK,WALES	
12953,12.10.1977,WALES,SCOTLAŇD	
12960,13.05.1978,WALEŚ,ENGLAND	
12971,19.05.1979,WALEŚ,SCOTLAND	
12991,12.02.1992,GREECE,RO;tiANIA	
12994,19.11.1980,WALES,CZEĆHOSLOVAК
13004,17.02.1993,GREECE,Lt yEMBOI. RG	
13030,05.06.1994,COLONIBiA,GREECE	
13035,12.10.1983,WALES,RΠMANIA	
13050,08.02.1995,GREECE,RUMANIA	
13062,10.09.1985,«ALES,SCOTLAND	
13066,25.02.1986,SAUDi ARABIA,WАLES	
13077,18.02.1987,WALES,S
13084,14.10.1987,DENiIARK,WALES	
13087,23.03.1988,WALES,YUGOSLAViA	
13103,19.08.1997,GREECE,ĆYPRUS	
13111,25.04.1990,SWEЛEN,WΛLES	
13157,14.12.1999,GREECE,CHANA	
13198,14.04.1907,BELGIUМ,HOLLAND	
13205,19.03.1908,ВELGIUM,HOLLAND	
13241,10.10.1998,DENNIARK,WALES	
13248,10.03.1912,BELGIUM,HOLI,ANI	
13266,28.08.1920,HOLLAND,LUXEМBOURG	
13289,26.03.1922,BELGIOM,HOLLAND       
13296,15.11.2003,POH UGAL,GREECE	
13303,31.03.2004,GREECE,SWiTZERI~AND	
13305,27.03.2002,WALEŚ,CZECII REPUBLIC	
13316,27.04.1924,ВELGIUM,HOLLAND	
13318,12.06.2004,PORTIIGAL,GREECE	
13320,20.11.2002,AZERBAIIAN,WALES	
13325,20.06.2004,R[JSSIA,GREECE	
13326,29.03.2003,WALES,AZERBALIAN	
13329,09.06.1924,HOLLAND,ŚWEDEN	
13356,18.08.2004,LAТVIA,WALES	
13371,30.03.2005,AUSTRIλ,WALES	
13491,16.11.1955,SAAR,HOLLAND	
13495,06.06.1956,HOLLAND,SAAR	
13503,26.05.1957,AUSTRIÁ,HOLLAND	
13508,23.04.1958,HOLLAND,CURA(AO	
13511,28.09.1958,BELGIUIII,HOLLAND	
13525,29.06.1960,NETHERLAND ANTILLES,HOLLAND	
13526,03.07.1960,SURINAM,HOLLAND	
13538,05.09.1962,HOLLAND,NETHERLAND ANTILLES	
13629,22.11.1975,iTALÝ,HOLLAND	
13674,22.02.1981,HOLLAND,CÝPRUS	
13689,27.04.1983,HOLLAND,ЅWEDEN	
13692,12.10.1983,REPUBLIC OF IRELAŃD,HOLLAND	
13770,26.04.1989,IIOLLAND,WEST GERMANY	
13779,15.11.1997,UKRAINЕ,CROATIA	
13797,31.03.1999,UKRAINE,iĆELAND	
13828,15.06.1992,HOLLAND,C.I.S.	
13837,06.06.2001,UKRAINE,WАLЕЅ	
13862,21.08.2002,UKRAINE,iRAN	~
13864,07.09.2002,ARМENiА,UKRAINE	
13869,20.11.2002,SLOVAКIA,UKRAINE	
13871,12.02.2003,[URKEM,UKRAINE	
13873,,UKRAINE,SPAIN	
13877,30.04.2003,DENIIIARK,UKR~INE	
13879,,UKRAINE,ARMENIA	
13881,,GREECE,UKRAINE	
13883,20.08.2003,,
13888,,,
13890,11.10.2003,UKRAiNE,MACEDONIA	
13900,,ENGLAND,UKRAINE	
13902,04.09.2004,,
13907,09.10.2004,,
13909,,TURKEY,UKRAINE	
13918,04.06.2005,UKRAINE,KAZλKHSTAN	
13919,,,
13946,04.06.1997,ŠOUTH AFRICA,HOLLAND	
13958,27.05.1998,HOLLAND,KAMERUN	
14023,25.06.2000,HOLLAND,YUGOSLAViA	
14161,02.10.1931,TURKEY,YUGOŚLAVIλ	
14179,02.08.1948,TURKEY,CHINλ P.R.	
14214,25.05.1953,SWIТZERLAND,TURKEY	
14234,18.12.1955,TURKEY,PORTUQAL	
14272,01.06.1961,NORWAY,TI.IRKEY	
14288,10.10.1962,TURKEY,ECHIOFiA	
14293,02.12.1962,ITAALY,TURKEL	
14295,12.12.1962,TURKEY,DENIIARK	
14313,19.04.1965,TURKEM,PORTUGAL	
14324,09.10.1965,TURКЕУ,CZECNOSLOVAKIA	
14328,21.11.1965,CZEĆHOSLOVAКIA,TURKEY	
14385,06.10.1946,HUNGARY,AUSTRIλ	
14400,14.09.1947,АUЅТRІА,HUNGARY	
14401,13.01.1973,iTALY,TtiRKEY	
14404,21.04.1948,HUNGARY,ЅWІТZЕRLАND	
14407,02.05.1948,АUЅТRІА,HUNGARY	
14408,23.05.1948,HUNGARY,СZЕСНОЅLОУАКІА	
14417,03.10.1948,HUNGARY,АUЅТRІА	
14420,13.11.1974,TURKEY,AUSTRIλ	
14424,10.04.1949,СZЕСНОЅLОУАКІА,HUNGARY	
14487,05.07.1953,SWEDEŃ,HUNGARY	
14500,09.09.1981,iCELAND,TURKEY	
14506,22.09.1982,HUNGARP,TURKEY	,
14516,30.03.1983,IRELAŃD,TURKEY	
14525,16.11.1983,TURКEY,AUSTRIA	
14530,03.03.1984,TURKEY,iTALY	
14532,11.03.1984,LUXEMВOURG,TURКEY	
14544,28.03.1985,AI.BANIA,TURKEY	
14582,12.10.1988,TURKEY,iCELAND	
14588,29.03.1989,GREEĆE,TURKEY	
14601,11.04.1990,DENNIARK,TURKEY	
14641,23.09.1992,POLАND,TURKEY	
14661,23.02.1994,TURKEY,CZEĆH REPUBLIC	
14670,12.10.1994,TURKEY,iCELAND	
14679,29.03.1995,TURKEM,SWEDEN	
14685,07.06.1995,CANADA,TURKEM	
14690,18.06.1995,PARAGUAY,TURKE	
14696,30.08.1995,TURKEY,MAĆEDONIA	
14704,15.11.1995,SWEDEN,TURKEI`	
14711,09.04.1996,AZERBAiJAN,TURKEY	
14720,11.06.1996,CROATIA,TLiRKEY	
14742,30.04.1997,TURKEY,BELGIUМ	
14744,12.06.1997,CROATiλ,TURKEY	
14753,11.10.1997,HOLLAND,TI.RKEY	
14794,16.08.2000,ВOSNIA-HERZEGOViNA,TURKEY	
14801,11.10.2000,AZERBAIJAN,TIIRICEY	
14807,24.03.2001,TURKEY,SLOYAКIA	
14814,02.06.2001,TURKEY,AZERBAiJAŃ	
14821,01.09.2001,SLOVAКIA,TURKEY	
14825,06.10.2001,MOLDOVA,TURКЕУ	
14836,17.04.2002,TURKE,CHILE	
14846,13.06.2002,TURKEM,Ci ł
14852,26.06.2002,BRAZIL,TURKEY	
14857,07.09.2002,TURKEY,SLOVAКIA	
14862,16.10.2002,TURKEY,LIEĆHTENSTEIN	
14864,20.11.2002,ITALY,"[URKEV	
14876,,TURKEY,MACEDONIA	
14880,,CAMEROON,TURKEY	
14893,,REPUBLIC OF IRELAND,TURKEY	
14895,,,
14899,,TURKEY,LATVIA	
14902,,,
14909,21.05.2004,AUSTRALIA,TURКЕУ	
14927,,TURKEY,UKRAINE	
14973,18.06.1982,38000,ARGENTINA
14993,22.08.1984,HUNGARY,SWIТZERLAND	
15006,30.01.1986,ASIA XI,HUNGARY	
15007,01.02.1986,ASIA XI,HUNGARY	
15105,04.05.1913,SWiZERLAŃD,BELGIUM	
15112,05.04.1914,ITAL.,SWil ZERi,AND	
15130,06.06.1920,SWEDEN,SVVIТZERLAND	
15142,11.06.1922,ACiSTRIA,SWITZERLAND	
15144,15.06.1922,HUNGARY,ŠWITZERLAND	
15158,17.06.1923,DENNIARK,SWITZERLANЛ	
15165,20.04.1924,SWITZERLAND,IENNIARk	
15172,30.05.1924,SWITZERLAND,ĆZEĆIIOSLOVAКIA	
15181,22.03.1925,AUSTRIA,SIVITZERLAND 
15220,14.10.1928,SWITZERLAND,iTALÝ	
15233,06.10.1929,CZEĆHOSLOVAКIA,SWГГZERLAND	
15239,23.03.1930,FRANCE,SWITZЕRLAND	
15276,14.11.2001,HUNGARY,ГН ACEDONIA	
15281,13.02.2002,ЅWІТZЕRLАND,HUNGARY	
15300,14.10.1934,SWITZERLAND,CZEĆHOSLOVAКIA	
15307,17.03.1935,CZECHOSLOVAКIA,ŚWITZERLAND	
15329,21.06.1936,SWEDEN,ŚWiTZERLAND	
15334,21.02.1937,CZEĆHOSLOVAКIA,SWITZERLAND	
15343,19.09.1937,AUSTRiA,SWITZERLAND	
15370,28.12.1941,SPAIN,ЅWITZERLAND	
15381,11.11.1945,SWITZERLAND,ITAALY	
15393,02.11.1947,SWІTZERLAND,BELGIUM	
15407,19.03.1950,AUSTRiA,SWITZERLAND	
15413,15.10.1950,SWIТZERLAND,HOLLAND	
15446,26.06.1955,YUGOSLAVIА,SWITZERLAND	
15451,01.05.1956,SAAR,SWITZERLAND	
15476,20.05.1961,SWITZERLλND,BELGIUM	
15482,03.06.1962,WEST GERNIANY,SWITZERLAND	
15490,11.11.1963,FRANCE,SWIТZERLAND	
15510,02.11.1966,RОMANiA,SWITZERLAND	
15515,08.11.1967,SWITZERLAND,CYPRUŚ	
15532,17.10.1970,ŚWITZERLAND,ITALY	
15555,04.09.1974,SWiTZERLAND,WEST GERMANY	
15560,30.04.1975,SWITZERLAND,TUERКЕУ	
15568,30.04.1976,SWITZERLAND,HIINGARY	
15570,19.05.1976,FINLAND,SWiTZERLAND	
15605,21.12.1980,BRAZIL,SWYITZERLAND	
15607,28.04.1981,SWITZERLAŃD,HUNGARY	
15611,10.10.1981,RΠMANiA,SWITZERLAND	
15635,06.12.1983,KENYA,SWITZERLAND	
15645,05.02.1985,SWITZERLAND,ВULGARIA	
15661,24.09.1986,SWEDEN,ŚWITZERLAND	
15668,18.08.1987,SWITZERLAND,AUSTRiA	
15672,16.12.1987,ISRAEL,ŚWITZERLAND	
15676,28.05.1988,SWITZERLAŃD,ENGLAND	
15678,24.08.1988,SWiTZERLAND,YUGOSLAVIA	
15679,21.09.1988,LUХEMBOURG,SWITZERLAND	
15680,19.10.1988,BELGIUM,SVІITZERLAND	
15697,17.10.1990,SCOTLAND,ŚWITZERLAND	
15701,01.02.1991,SWITZERLAND,COLOЛIВIA	
15710,26.01.1992,UNITED ARAB EМIRАTES,SWITZERLAND	
15721,31.03.1993,SWITZERLAND,PORTCIGAL	
15736,22.06.1994,SWITZERLAND,RONLANIA	
15756,08.06.1996,ENGLAND,SWiTZERLАŃD	
15762,07.02.1997,HONG КONG,SWITZERLAND	
15766,06.08.1997,SLOVAКIA,SWITZERLAND	
15769,10.09.1997,NORWAY,ŚWiTZERLAND	
15797,15.11.2000,TUNISLА,SWITZERLAND	
15839,04.06.2005,FAROE ISLANDS,ŚWІIZERLAND	
15860,25.05.1913,DEWARK,SWEDEN	
15866,21.06.1914,SWEDEN,HUNGARP	
15869,25.10.1914,SI/VEDEN,NORWAY	
15873,31.10.1915,SWEDEN,DENNIARK	
15878,08.10.1916,SWEDEN,DENЛ"IARK	
15890,29.06.1919,NORIVAY,SWEDEN	
15896,06.06.1920,SWEDEN,SWIТZERLAND	
15903,10.10.1920,SWEDEN,DENГIARК	
15910,09.10.1921,SIVEDEN,DENNIARK	
15911,06.11.1921,IUNGARY,SWEDEN	
15934,15.06.1924,DENMARK,SWEDEŇ	
15942,09.06.1925,SWEDE+ N,FINLAND	
15958,03.10.1926,DENıNiARK,SWEDEN	
15961,03.04.1927,BELGiUM,SWEDEN	
15966,01.07.1927,SWEDEN,ESТONiA	
15967,04.09.1927,SWEDEN,BELGIUІi	
15968,06.11.1927,SWIТZERLAND,SWEDEN	
15973,09.07.1928,ESTONIA,SKEDEN	
15992,28.09.1930,FINLAŃD,SWEDEN	
15995,28.06.1931,SWEDE+N,DENMARK	
16000,08.11.1931,HUNGARP,SW:EDEN	
16004,19.06.1932,DENNIARK,SWEDEN	
16014,18.06.1933,SWEDEN,DENMARiy	
16017,04.07.1933,LATViA,SWEDEN	
16024,0107.1934,SWEDEN,NΠRWAY	
16031,09.07.1935,ESТONIA,SWEDEN	
16044,20.06.1937,SWEDEN,ESТONiA	
16046,27.06.1937,ROMANIA,SWE DEN	
16062,11.06.1939,SWEDEN,LITHLiANIA	
16067,22.09.1940,SWУEDEN,FINLAND	
16079,12.09.1943,SWEDEN,IILINGARI	
16101,09.06.1948,FIOLLAND,SWEDEN	
16104,05.08.1948,SWEDEN,KOREA	
16106,13.08.1948,SWEDEN,YUGOSLAViA	
16108,19.09.1948,FiNLANЛ,SWEDEN	
16109,10.10.1948,SWEDEN,IENMARK	
16117,13.11.1949,REPUBI,IĆ OF IRELAND,ŚWEDEN	
16129,12.11.1950,SWLTZERLAND,SWEDEN	
16133,02.09.1951,YUGOSLAViA,SWEDEN	
16138,14.11.1951,TURKEL,SWEDEN	
16147,28.07.1952,НUNGARY,SWEDEN	
16153,28.05.1953,SWEDEN,BELGIUЛ"l	
16155,21.06.1953,DENNIARK,SWEDEN	
16156,05.07.1953,SWEDEN,HFNGARO	
16159,08.10.1953,BELGIUNI,SWEDEN	
16161,08.11.1953,SPAIN,SOVEDEN	
16171,31.10.1954,SWEDEN,AUSTRiA	
16180,20.11.1955,PORTI:GAL,SWEDEN	
16195,07.05.1958,SWEDEN,SWiTZERLAND	
16204,26.10.1958,SWEDEN,[)ENMARK	
16205,21.05.1959,SWEDEN,POR"ILGAL	
16216,23.10.1960,SWEDEN,I)ENNIARI	
16220,18.06.1961,DENМARК,SWEDEN	
16222,04.10.1961,BELGiUNi,SWEDEN	
16223,22.10.1961,SIVEDEN,NORWAY	
16227,18.04.1962,SWEDEN,SOV
16234,16.11.1962,THAILAND,SWEDEιN	
16253,05.05.1965,SWEDEN,CYPRis 
16255,16.06.1965,SIVEDEN,ITALY	
16294,25.06.1969,DENIMARK,SWEDEN	
16306,25.06.1970,SWEDEN,DENNIARK	
16312,20.05.1971,SWEDEN,FiNLAND	
16315,20.06.1971,DENNIARK,SWEDEN	
16322,25.05.1972,SWEDEN,iłUNGARY	
16332,08.07.1973,SWEDEN,FINLAŃD	
16336,29.09.1973,iTALi,SWEDEN	
16350,13.10.1974,ĆZECHOSLOVAКLА,SWEDEN	
16354,04.06.1975,SWEDEN,YUGoSLAVIA	
16359,15.10.1975,YUGOSLAViA,SWEDEN	
16363,11.05.1976,SWEЛEN,DENMARK	
16373,15.06.1977,DENIMARK,SWEDEN	
16376,09.09.1977,NORWAY,SIMEDEN	
16398,10.10.1979,ĆZECHOSLOVAКiA,SWEDEN	
16399,23.10.1979,LUXENIBOURG,SWEDEN	
16400,14.11.1979,NIALAYSIA,SWEDEN	
16407,20.08.1980,HUNGARY,SV
16408,10.09.1980,SWEDEN,SCOTLAŃD	
16415,03.06.1981,ŚWEDEN,NORTHERN IRELAND	
16417,29.07.1981,SWVEDEN,FINLAND	
16420,23.09.1981,GREECE,SWEВEN	
16422,28.10.1981,SAUDi ARABIA,SWEDEN	
16436,22.06.1983,SWEDEN,BRAZII,	
16441,16.11.1983,TRINIDAD&TOBAGO,SWEDEN	
16442,19.11.1983,CARBADOS,SWEDEN	
16450,26.09.1984,ITALY,SWEDEŇ	
16455,05.06.1985,SIVEDEN,CZECHOSLOVAKIA	
16460,17.11.1985,IIALTA,SWEDEN	
16474,26.08.1987,SWEDEN,DENl
16483,01.06.1988,ŚPAIN,SWEDEN	
16484,31.08.1988,SWEDEN,DENNIARK	
16497,14.02.1990,UNITED ARAB ЕМIRATES,SWEDEN	
16498,17.02.1990,UNITED ARAB ENIIRATLS,SWEDEN	
16507,05.09.1990,SWEDEN,DENNIARK	
16508,26.09.1990,SWEDEŃ,BULGARIA	
16513,13.06.1991,SIVEDEN,SOVIET UNION	
16514,15.06.1991,SWEDEN,DENNIARK	
16521,02.02.1992,AUSTRALiA,SWEDEN	
16525,10.06.1992,SIVEDEN,FRANCE	
16547,26.05.1994,DENNIARК,SWEDEN	
16550,19.06.1994,SWEDEN,CAМERON	
16557,17.08.1994,SWEDEN,LITHl
16571,15.11.1995,SWEDEN,TURKEM	
16574,28.02.1996,AUSTRALIA,ŚWEDEN	
16576,09.05.1996,SWEDEN,ЅlОУЛКIА	
16580,01.09.1996,LATVIA,SWEDEŃ	
16585,09.02.1997,SWEDEN,RONIANIA	
16591,16.02.1997,THАILAND,SWEDEN	
16602,08.06.1997,EŠTONIA,SWEDEN	
16621,22.04.1998,SWEЛEN,FRANCE	
16652,08.09.1999,LUXENIBOLRG,SWEDEN	
16678,16.08.2000,iĆELAND,ŚWEDEN	
16686,31.01.2001,SWEDEN,FAROR ISLANDS	
16699,28.02.2001,MALTA,SWEDЕN	
16704,28.03.2001,МOLDOVA,SWEDEN	
16708,02.06.2001,SWEDEN,SLOVAKiA	
16712,15.08.2001,SWEDEN,SOUTHAFRiĆA	
16715,01.09.2001,NACEDONIA,SWEDEN	
16719,07.10.2001,SWEDEN,AZERBAiJAN	
16742,21.08.2002,RUSSIR,SWEDEN	
16797,14.06.2004,SWEDEN,BULGIRIA	
16801,22.06.2004,DENMARk,SWEDEN	
16805,18.08.2004,SWEЛEN,HOLLAND	
16816,17.11.2004,SCOTLAND,ŚWEDEN	
17268,15.06.1980,BELGIUM,ŚPAIN	
17282,23.09.1981,AUSTRIA,SPAiN	
17348,01.06.1988,SPAIN,SWEDE+ N	
17363,15.11.1989,SPAIN,hUNGARY	
17373,10.10.1990,SPAIN,ICELAŇD	
17377,20.02.1991,FRANCE,SPAN	
17385,19.02.1992,SPAIN,C.
17443,28.01.1998,FRANCE,SPAiN	
17480,03.03.1888,WALES,IRELANЛ	
17554,01.03.1902,IRELAND,SCOГLAND	
17581,16.03.1907,SĆOТLAND,IRELAND	
17587,11.04.1908,AVALES,IRELAND	
17611,15.03.1913,IRELAND,SCOTLAŃD	
17650,04.02.1928,NORTHERN IRELAND,WALEŚ	
17747,07.10.1961,NORTHERN IRELANП,SCOTLAND	
17771,02.10.1965,NORrHERN IRELAND,ЅСОТLАND	
17778,16.11.1966,ЅСOТLАND,NORTHERN IRELAND	
17780,21.10.1967,NORTiIERN IRELAND,ЅСОТLАND	
17817,18.10.1972,BLLGARIA,NORTHERN IRELAND	
17835,11.05.1974,ЅСОТLАND,NОRТНЕRN IRELAND	
17848,20.05.1975,ЅСОТLАND,NORTHERN IRELAND	
17859,08.05.1976,ЅСOТLАNО,NORTHERN IRELAND	
17946,21.06.1964,SPAIN,SOVIE"Г UNION	
17952,21.06.1982,Н()NDURА,NORTHERN IRELAND	
17957,01.07.1982,АUЅТRІА,NORTHERN IRELAND	
17960,13.10.1982,АUЅТRІА,NORTHERN IRELAND	
17969,24.05.1983,ЅСОТLАND,NORTHERN IRELAND	
17975,21.09.1983,NORTHERN IRELAND,АUЅТRІА	
17981,13.12.1983,NORTHERN IRELAND,SC
17996,27.03.1985,ŚPAIN,NORTHERN IRELAND	
18001,16.10.1985,ROıNIANIA,NORTHERN IRELAND	
18024,20.06.1967,SCANDINAVIA,SOVIET UNION	
18040,15.10.1967,AUŚTRIA,SOVIET UNION	
18061,14.11.1990,АUЅТRІА,NORTIIERIN IRELAND	
18072,16.10.1991,NORTHERN IRELAND,AUSТRIA	
18076,19.02.1992,ЅСОТLАND,NORTHERN IRELAND	
18093,25.05.1993,LITHUАNIA,NORTHERN IRELAND	
18103,23.03.1994,NORTHERN IRELAND,ROМANIA	
18120,07.06.1971,SOVIET UNION,CIPRUS	
18154,02.04.1997,UKRAiNE,NORTHERN IRELAND	
18157,28.08.1972,SOVIET UNION,BURMA	
18166,25.03.1998,NORTHERN IRELAND,ЅІ.ОУАКІА	
18168,22.04.1998,NORTHERN IRELAND,ЅWІТZЕНLАND	
18179,31.03.1999,MOLDOVA,NORTHERN iRELANiD	
18200,16.08.2000,NORTHERN IRELAND,YUGOSLAVI.	
18256,28.04.2004,NORTHERN IRELAND,ЅЕЕВІА & ГІОNТЕNЕGRО	
18258,30.05.2004,ВАRВАDОЅ,NORTHERN IRELAND	
18260,02.06.2004,ЅТ. КіТТЅ & NEVIS,NORTHERN IRELAND	
18262,06.06.2004,TRINIDAD & ТОВAGО,NORTHERN IRELAND	
18264,18.08.2004,ЅWІТZЕRLАND,NORTHERN IRELAND	
18272,13.10.2004,NORTHERN IRELAND,AUSТRIA	
18278,05.05.1979,SOMEГ UNION,CZECHOSLOVAKIA	
18288,29.04.1980,SNUEDEN,SOVIET UNIΠN	
18295,27.08.1980,HUNGARY,SOVIEТ UNION	
18311,22.06.1982,SOVIET UNION,SCOТLAND	
18420,25.01.1992,UNITED STATES,C.I.S.	
18421,29.01.1992,EL SALVADOR,C.I.S.	
18422,02.02.1992,UNITED STATES,C.I.S.	
18423,12.02.1992,ISRAEL,C.
18424,19.02.1992,SPAIN,C.LS.	
18425,29.04.1992,C.I.S.,ENGLAND	
18426,03.06.1992,DENMARK,C.I.S.	
18427,12.06.1992,C.I.S.,GERMANY	
18428,15.06.1992,HOLLAND,C.I.S.	
18429,18.06.1992,SCOTLAND,C.I.S.	
18444,29.03.1995,SLOVENIA,ESTOŃIA	
18465,11.10.1997,SLOVEŃIA,CROATIA	
18484,09.10.1999,SLΠVENIA,GREECE	
18485,13.11.1999,SLΠVENIA,UKRAINE	
18533,28.04.2004,SWITZERLAND,SLOVENiA	
18543,04.06.2005,BELARÚS,SLOVAKIA	
18556,10.04.1943,CROATIA,SLOVAKIλ	
18580,27.03.1996,SLOVAKIA,BELARIIS	
18618,04.09.1999,SLOVAKIA,RONTANIA	
18619,08.09.1999,SLOVAKIA,LiECHTENSTEIN	
18627,15.02.2000,CHILE,SLOVАКIA	
18629,24.05.2000,SLOVAKIA,SAUDi ARABIA	
18648,05.09.2001,SLOVAKIA,МOLDOVA	
18659,12.02.2003,RΠMANiA,SLOVAKIA	
18705,10.05.1927,ROMANIA,YUGΠSLAVIA	
18772,01.08.1937,YUGΠSLAVIA,TURKEY	
18795,09.05.1946,CZECHOSLOVAKIA,YUGOŚLAVIA	
18818,13.11.1949,YUGOSLAVIA,AUS-FRIA	
18861,26.09.1954,SAAR,YUGOSLAVIA	
18916,06.08.1960,YUGOSLAVIA,TUNIS
18944,14.10.1962,HUNGARY,YUGΠSLAVIA	
18951,03.11.1963,YUGΠSLAVIA,CZECHOSLOVAKIA	
18957,23.09.1964,YUGOSLAVIA,EUROPE XI	
18975,08.05.1966,YUGΠSLAVIA,HUNGARY	
19002,26.02.1969,YUGOSLAVIA,ŚWEDEN	
19027,14.06.1972,YUGΠSLAVIA,VENEZUELA	
19040,09.05.1973,WEST GERNIANY,YUGΠSLAVIA	
19050,18.06.1974,YUGOSLAVIA,ZAIRE	
19172,11.10.1989,YUGOŚLAVIA,NORWAY	
19176,28.03.1990,PΠLAND,YUGOSLAVIA	
19186,14.11.1990,DENMARK,YUGOŚLAVIA	
19210,02.06.1996,YUGOSLAViA,MALTA	
19230,24.02.1998,ARGENTINA,YUGOŚLAVIA	
19240,02.09.1998,YUGOSLAViA,SWITZERLAND	
19268,25.01.2001,YUGOSLAVIA,BOsNIA-HERZEGOVINA	
19282,17.04.2002,YUGOSLAVIA,LiTHUANIA	
19307,09.10.2004,BOSNIA HERZEGOVINA,SERBIA & MONTENEGRO	
19345,21.03.1887,WALEŠ,SCOTLAND	
19360,02.04.1892,SCOTLAŃD,ENGLAND	
19419,16.03.1912,IRELAND,SCΠTLAND	
19428,13.03.1920,SCΠTLAND,IRELAND	
19436,03.03.1923,NORTHERN IRELAND,SCOTLAŃD	
19459,04.06.1929,HOLLAND,SCΠTLAND	
19470,19.09.1931,SCΠTLAND,NORTHERN IRELAND	
19509,10.04.1948,SCOTLAŃD,ENGLAND	
19511,17.05.1948,SWITZERLAND,SCΠTLAND	
19524,01.11.1950,SCΠTLAND,NORTHERN IRELAND	
19600,29.11.1961,ĆZECHOSLOVAKIА,SCOTLAND	
19641,11.12.1968,CYPRUS,SCΠTLAND	
19647,21.09.1969,REPUBLIC OF IRELAND,SCΠTLAND	
19661,13.10.1971,SCΠTLAND,PORTUGAL	
19672,15.11.1972,SCΠTLAND,DENMARK	
19677,22.06.1973,SWiTZERLAND,SCOTLAND	
19688,14.06.1974,ZAIRE,ŚCOTLAND	
19694,16.04.1975,SWEDEŃ,SCOTLAND	
19723,20.05.1978,SCOTLAND,ANGLIA	
19754,14.10.1981,NORTHERN IRELAND,SCΠTLAND	
19755,18.11.1981,PORTUGAL,SCΠTLAND	
19796,04.06.1986,DENTMARK,SCOTLAND	
19826,28.03.1990,SCΠTLAND,ARGENTINA	
19830,28.05.1990,MALTA,SCOTLAŃD	
19831,11.06.1990,COSTA RICA,SCΠTLAND	
19832,16.06.1990,SCΠTLAND,SWEDEN	
19835,17.10.1990,SCΠTLAND,SWITZERLAND	
19850,18.06.1992,SCOTLAND,C.I.S.	
19851,09.09.1992,SWITZERLAŃD,SCOTLAND	
19859,08.09.1993,SCΠTLAND,SWITZERLAND	
19961,13.10.2004,MOLDOVA,SCOTLAŃD	
19983,10.03.1993,SAN MARINO,ТtтRКEY	
19987,22.09.1993,SAN NIARINO,HOLLAND	
19988,17.11.1993,SAN NIARINO,ENGLAND	
19989,12.10.1994,RUSSIA,SAN NIARINO	
20035,04.09.2004,SAN MARINO,SERB
20043,04.05.1913,RUSSIλ,SWEDEN	
20060,06.10.1993,SAUDi ARABIA,RUSSIA	
20066,29.05.1994,RUSSIA,SLOVAКIA	
20079,07.06.1995,SAN NIARINO,RUSSIA	
20088,24.04.1996,BELGIUNI,RUSSIA	
20093,16.06.1996,RUSSIA,GERIIANY	
20099,07.02.1997,RUSSIA,YUGOSLAVIλ	
20107,11.10.1997,RUSSIλ,BULGARIA	
20123,19.05.1999,RUSSIA,ВЕLARUS	
20124,05.06.1999,FRANCE,RlЗSS
20153,05.06.2002,RUSSIA,TUNIŚIA	
20157,07.09.2002,RUSSIλ,REPUBLIC OF IRELAND	
20160,13.02.2003,RUSSIA,RONIANIA	
20163,07.06.2003,SWITZERLAND,RUUSSIA	
20164,20.08.2003,RUSSiA,ISRAEL	
20173,12.06.2004,SPAiN,RUSSIA	
20219,03.07.1932,YUGOSLAVIA,RON/ÂNIA	
20221,16.10.1932,AUSTRiА Amateur,ROMANIA	
20286,06.06.1948,HUNGARY,ROλIÂNiA 
20336,14.05.1961,TURKEY,RONANIA	
20426,20.09.1972,FINLAND,RONÂNIA	
20427,29.10.1972,RONÂNIA,ALBANIA	
20441,04.12.1974,ISRАEL,ROMÂNiA	
20450,12.10.1975,RONIANIA,TURKEY	
20464,27.04.1977,ROMÂNIA,EAST GERNIANY	
20465,08.05.1977,YUGOSLAVIA,ROМANIA	
20658,26.04.1995,AZERBAIJAN,ROЛIÂNIA	
20760,08.09.2004,,
20884,15.10.1969,REPUBLIC OF IRELAND,DENЛ:IARK	
20894,10.10.1971,AUSTRiА,REPUBLIC OF IRELAND	
21131,06.10.2001,REPUBLIC OF IRELAND,CUPRUS	
21284,17.05.1962,PORTUGAL,BELGIUNI	
21415,10.12.1959,ISRAEL,РАКІЅТАN	
21421,17.12.1959,РАЮЅТАN,ISRAEL	
21483,17.03.1965,ISRAEL,SWITZERLAŇD	
21518,17.03.1968,ISRAEL,CEYLON	
21520,22.03.1968,ISRAEL,CEYLON	
21524,14.05.1968,BURMA,ISRAEL	
21526,17.05.1968,ISRAEL,TAIVAN	
21587,21.11.1971,АІЈЅТRАLІА,ISRAEL	
21592,22.03.1972,ISRAEL,CEYLON	
21598,01.04.1972,ISRAEL,ТНAILAND	
21603,19.05.1973,ISRAEL,МАLАУЅIА	
21605,21.05.1973,ISR.AEL,THAILAND	
21610,28.05.1973,ЅОUТН KOREA,ISRAEL	
21614,13.11.1973,ISRAEL,UNITED ЅТАТЕЅ	
21622,05.09.1974,ISRAEL,PHIILLIPINES	
21626,10.09.1974,ISRAEL,BURMA	
21833,12.02.1992,ISRAEL,C.I.S.	
21950,11.10.2000,ISRAEL,BUSNIA-HERZEGUVINA	
22281,03.08.1936,iTALY,UNITED ЅТАТЕЅ	
22287,15.08.1936,ITALY,АUЅТRІА	
22289,25.10.1936,ITALY,ЅWІТZЕRLАND	
22292,13.12.1936,ITALY,СZЕСНОЅLОУАКIА	
22294,25.04.1937,iTALY,HUNGARY	
22296,23.05.1937,СZЕСНОЅLОУАКІА,ITALY	
22300,31.10.1937,ЅWІТZЕRLАND,ITALY	
22312,16.06.1938,ITALY,ßRAZΣL	
22381,25.06.1950,30000,SWEDEN
22455,15.01.1958,NORTHERN,IRELAND-ITALY	
22501,12.05.1963,ITALY,BRAZÌLiA	
22503,09.06.1963,AUSTRIA,I
22549,19.07.1966,NORTH KOREEA,ITALY	
22592,03.06.1970,15000,ITALY
22600,17.06.1970,WEST GERMANY,I
22687,31.05.1976,BRAZÍLIA,ITALY	
22732,24.06.1978,BRAZÍLiA,ITALY	
22779,25.02.1981,ITALY,EURÓPA XI	
22785,23.09.1981,ITALY,i"JLGARIA	
22806,05.07.1982,ITALY,BRAZíL
22808,08.07.1982,IТALY,POLAND	
22818,12.02.1983,CÝPRUS,ITALY	
22879,15.11.1986,ITALY,SWIГZERLAND	
22923,22.12.1988,ITALY,SCOТLAND	
22937,14.10.1989,ITALY,BRAZİLIA	
22939,11.11.1989,ITALY,ALGÉRIA	
23018,13.10.1993,ITALY,SCOTLAŃD	
23044,03.07.1992,KAZAKHSTAN,LYBIA	
23046,17.07.1994,BRAZÍLIA,ITALY	
23100,06.09.1997,SOІЈTH KOREA,KAZAKHSTAN	
23102,12.09.1997,UNITED ARAB EМIRATES,KAZAKHSTAN	
23108,04.10.1997,KAZAKHŚTAN,JAPAN	
23113,18.10.1997,KAZλКНSTAN,UNITED ARAB EМ
23134,08.04.2000,KAZAKHSTAN,PAКISTАN	
23136,24.05.2000,IRAN,KAZAKHŚTAN	
23140,07.10.2000,SAUDi ARABIA,KAZAKI-ISTAN	
23148,08.06.1997,ITALY,BRAZÍLIA	
23166,28.01.1998,ITALY,SLOVAКIA	
23180,06.06.2003,POLAND,KAZАКНSТАN	
23182,23.06.1998,ITALY,АUЅТќІА	
23193,10.10.1998,ITALY,ЅWІТZЕRLАND	
23198,16.12.1998,ITALY,FIFA АLL-ЅТАRЅ	
23278,21.08.2002,ITALY,SLΠVENIA	
23306,28.04.2004,ITALY,SPAIŃ	
23317,01.07.1912,AUsTRIA,NORWAY	
23330,03.09.1916,NORWAY,UNITED ЅТАТЕЅ	
23379,26.06.1927,NORWAY,SWEDEŇ	
23433,05.09.1937,FINLAND,NOR"s%AY	
23438,31.05.1938,NORWAY,ЕЅТONІА	
23501,24.06.1953,NORWAY,SAAR	
23508,08.11.1953,SAAR,NORWAY	
23512,30.05.1954,AUSTRI A,NORWAY	
23551,20.05.1959,NORWAY,АUЅТRІА	
23552,17.06.1959,NORWAY,LIJXENIBOURG	
23558,23.09.1959,АUЅТRІА,NORWAY	
23563,22.06.1960,NORWAY,АUЅТRіА	
23597,07.11.1963,SCOTLAND,NORiVAY	
23623,26.09.1965,ŇORWAY,DENMARK	
23783,28.08.1975,NORWAY,ЅОУІЕІ UNION Olympic	
23785,24.09.1975,ЅОVІЕТ UNION Olympic,NORWAY	
23799,08.09.1976,NORWAY,sWITZERLAND	
23825,20.09.1978,BELGIIJNI,NORWAY	
23873,17.06.1981,NORWAY,ŚWITZЕRLANI)	
23889,15.06.1982,NORWAY,DENNIARK	
23894,13.10.1982,NORWAY,YUGOSLAYIA	
23912,07.09.1983,NORWAY,ВULGАR
23938,29.08.1984,NORWAY,POLANЛ	
23982,20.08.1986,NORWAY,ROМÂNIA	
24034,02.11.1988,ĆYPRUS,NORWAY	
24046,14.06.1989,NORWAY,YuGOSLAVIA	
24057,04.02.1990,ŃORWAY,SOUTH KOREA	
24069,31.10.1990,NORWAY,CANIEROON	
24072,17.04.1991,АUЅТRІА,NORWAY	
24074,23.05.1991,NORWAY,RОМNІА	
24078,25.09.1991,NORWAY,СZЕСНОЅLОVАКІА	
24080,13.11.1991,iTALY,NORWAY	
24082,04.02.1992,ВЕRМUDA,NORWAY	
24085,03.06.1992,NORWAY,ЅСOТLАND	
24091,02.12.1992,CHINA P.R.,NORJAY	
24103,19.01.1994,NORWAY,СОЅТА RICA	
24116,06.02.1995,NORWAY,LSFONIA	
24128,29.11.1995,TRINIDAD/TOBAG O,NORWAY	
24134,09.10.1996,NORWAY,НіNGАRУ	(
24135,10.11.1996,ЅWІТZЕRLАND,NORWAY	
24136,18.01.1997,ЅОUТН KOREA,NORWAY	
24138,25.01.1997,АUЅТRАLІА,NORWAY	
24139,29.03.1997,UNITED ARAB ЕNІІRАТЕЅ,NORWAY	
24142,08.06.1997,HUNGAR,NORWAY	
24146,10.09.1997,NORWAY,SWIТZERIAND	
24168,05.06.1999,ALBANIA,NORMRY	
24177,23.02.2000,TURIN,NORWAY	
24180,27.05.2000,NORWAY,SLOWAKEI	
24183,18.06.2000,NORWAY,УUGОЅLАVІА	
24185,16.08.2000,FINLAND,NOR%AY	
24194,02.06.2001,UKRAINЕ,NОRWАY	
24199,06.10.2001,ARМENІА,NORWAY	
24201,27.03.2002,ТUNІЅІА,NORWAY	
24224,22.01.2004,NORWAY,SWEГDEN	
24229,28.04.2004,NORWAY,RUSSLAND	
24230,27.05.2004,NORWAY,WA.EŠ	
24232,,,
24249,11.10.1995,LIEĆHTENSTEIN,NORTHERN IRELAND	
24250,24.04.1996,MACEDOŃIA,LIECHTENSTEIN	
24258,20.08.1997,LIECHTENSTEIN,ICELANЛ	
24261,02.06.1998,AUSTRIA,LIECHTENŚTEIN	
24267,05.06.1999,AZERBAIJAN,LIECΣΡITENSTEIN	
24272,09.10.1999,LIECHTENSTEIN,ROМÂNIA	
24283,24.03.2001,SPAIN,LIECITENSTEIN	
24292,07.10.2001,BOSNIA-HERZEGOVINA,LIEĆHТENSTEIN	
24302,08.09.2002,LIECITENSTEIN,MACEDONIA	
24309,07.06.1995,IOLDOVA,ALBANIA	
24313,08.10.1995,GERMANY,NIOLDOVA	
24317,09.04.1996,NIOLDOVA,UKRAINE	
24321,14.08.1996,TtJRKEY,MOLDOVA	
24323,01.09.1996,MOLDOVA,ENGI,AŇD	
24325,05.10.1996,NIOLDOVA,ITALY	
24327,30.10.1996,MOLDOVA,INDONEZIA	
24330,10.11.1996,POLAND,MOLi)OTA	
24331,08.09.2004,SLOVAKIA,LIECHTEŃSTEIN	
24340,07.10.1997,IOLDOVA,POLAND	
24343,16.08.1998,IOLDOVA,LITI[UANIA	
24344,20.08.1998,NIOLDOVA,ESTONIA	
24359,26.04.2000,SAN MARINO,NIOLDOVA	
24373,05.09.2001,SLOVAKIA,HOLDONA	
24374,06.10.2001,NIOLDOVA,TURKEY	
24375,09.02.2002,LIТНUANIA,MOLDOVA	
24384,05.03.2003,ISRАEL,NIOLDOVA	
24386,02.04.2003,MOLDOVA,IIOLLAND	
24390,10.09.2003,МOLDOVA,BELARUS	
24421,09.06.1931,ЕЅТОNIА,LITHUANIA	
24423,26.08.1931,LITHUANIA,ROlVL&NIA	
24424,30.08.1931,ЕЅТОNІА,LITIIUANIA	
24428,06.08.1932,LITHUANIA,ЕЅТОNіА	
24457,03.09.1937,	LITIIUANIA,LATVIA	
24477,26.09.1948,LATViA,LITHUANIA	
24479,23.10.1949,LITHUANIA,ЕЅТОNIА	
24481,23.07.1956,LITHUANIA,СHINА P.R.		
24482,03.08.1956,LITHUANIA,ЕЅТОNIА	
24483,05.08.1956,RUSSIA (MOsCOW XI),LITHUANiA	
24487,20.07.1979,LITHUANIA,КYRGYZЅТАN	
24513,14.04.1993,L?TIIUАNIλ,ALBANIA	
24514,18.05.1993,L.ITH`<ANLA,UKRAINE	
24515,25.05.1993,LiTHUANIA,NORTHERN IRELAND	
24550,29.03.1995,LiTHUANIA,CROATIA	
24554,17.05.1995,LiTHUANIA,GREECE	
24556,20.05.1995,ЕЅТОNІА,LІТШЈАNІА	
24565,16.08.1995,ЕЅТОNІА,LITHUAN
24572,15.11.1995,iTALY,LiTHUANIA	
24602,02.04.1997,LITHUANIA,RON
24693,28.02.2001,RONL&NIA,LITHUANIA	
25006,09.11.1996,LIECHTENSTEIŃ,MACEDONIA	
25029,18.04.1998,NACEDONIA,ŚOUTH KOREA	
25037,18.05.1998,CANADA,NIACЕDONIA.	
25039,03.06.1998,MACEDONIA,BOSNIA-
25049,18.11.1998,MАLТА,MACEDONIA	
25051,10.02.1999,ALBANIA,MАСЕDОNІA	
25053,05.06.1999,NIACEDONIA,CROATIA	
25058,05.09.1999,YUGOSLAVIA,MACEDONiA	
25062,09.10.1999,МАСЕDONIА,RЕРUВLСОFІRЕLАND	
25067,29.03.2000,BOsNIA-HERZEGOVINA,MACEDONIA	
25069,26.04.2000,MACEDONIA,ALBANiA	
25071,07.06.2000,ЅОUТН KOREA,NI.ACEDONIA	
25106,05.09.2001,AZERBAIJAN,MACEDONIλ	
25109,07.10.2001,MACEDONIA,SLOVAKLA	
25123,27.03.2002,BOSNIA-HERZEGOVIŃA,MACEDONIA	
25131,08.09.2002,LIЕCHTENSTEIN,MACEDONIA	
25138,20.11.2002,MACEDONIA,ISΣΡčAEL	
25140,09.02.2003,CRCIATIA,MACEDONIA	
25145,29.03.2003,MAĆEDONIA,SLOVAKIA	
25159,10.09.2003,SLOVAKIA,MAĆEDONIA	
25169,18.02.2004,MACEDONIA,BOŠNIA-HERZEGOVINA	
25465,14.07.1916,URUGUAY,CHiLE	
25485,17.10.1926,CHiLE,URUGUAY	
25506,05.02.1939,CHiLE,ECUADOR	
25518,14.01.1945,CHiLE,ECUADOR	
25530,09.12.1947,CHILE,PERIL	
25541,30.04.1949,PERi.,CHILE	
25543,26.02.1950,BOLIVIA,ĆHiLE	
25562,12.07.1953,CHiLE,SPAIN	
25584,08.03.1956,COSTA RiCA,CHILE	
25588,26.08.1956,CHILE,ĆZEĆHOSLOVAКIA	
25590,16.03.1957,PERU,CHiLE	
25597,22.09.1957,CHiLE,BOLIVIA	
25601,07.03.1959,ARGENTINA,CHiLE	
25604,21.03.1959,CHiLE,PERU	
25645,16.05.1965,URUGUAY,ĆHiLE	
25656,11.05.1966,MEXICO,CHiLE	
25675,13.12.1967,CHiLE,HUNGARY	
25705,03.11.1971,ĆHiLE,URUGUAY	
25717,03.05.1973,CHILE,PERT`	
25726,12.05.1974,CHILE,REPUBLIC OF iRELAND	
25741,26.01.1977,CHiLE,PARAGUAY	
25745,06.03.1977,CHILE,PERT	
25809,24.03.1985,CHiLE,URUGUAY	
25823,21.06.1987,PERU,CHiLE	
25850,30.05.1989,S(ОTLAND,CHILE	
25906,14.07.1995,BOLIVIA,CHiLE	
25934,07.11.1997,CHiLE,GUATEMALA	
25943,24.05.1998,CHiLE,URUGUAY	
25955,23.06.1999,ĆHiLE,ECUADOR	
25965,09.02.2000,CHILE,AUSTRλLIA	
25998,08.06.2003,COSTA RiCA,CHILE	
26000,20.08.2003,ĆHINA P.R.,CHILE	
26008,01.06.2004,,
26011,,PARAGUAY,CHILE	
26012,14.07.2004,COSТA RICA,CIIILE	
26019,,PARAGUAY,CHILE	
26022,17.08.2005,PERU,CHiLE	
26026,25.04.2006,,
26027,27.04.2006,,
26029,30.05.2006,IVORY ĆOAST,CHILE	
26084,12.10.1977,CANADA,ŚURINAM	
26099,12.11.1981,HONDURAŚ,CANADA	
26107,14.12.1983,HONDURAŚ,CANADA	
26114,30.10.1984,CYPRUŚ,CANADA	
26130,25.08.1985,HONDURAŚ,CANADA	
26185,09.03.1993,CANADA,SOTH KOREA	
26192,02.05.1993,EL SALVADOR,ĆANADA	
26242,08.10.1999,CANADA,	SALVADOR	
26289,08.09.2004,COSTARICA,CANADA	
26302,01.03.2006,AUSTRiA,CANADA	
26325,07.02.1945,ARGENTINA,ĆOLOMBIA	
26328,09.12.1946,COLOMBIA,ĆURACAO	
26379,07.08.1965,ĆOLOMBiA,CHILE	
26380,30.11.1966,ĆHiLE,COLOMBIA	
26381,11.12.1966,ĆOLOMBiA,CHILE	
26394,21.08.1969,BRAZIL,ĆOLONiBIA	
26398,03.06.1972,VENEZUELA,(OLOMBIA	
26408,01.07.1973,PERL,COLOMBIA	
26411,27.07.1975,ECUADOR,COLONIBIA	
26419,15.10.1976,ĆOLOMBiA,URUGUAY	
26422,30.01.1977,COLOMBIA,YUGOSLAViA	
26471,02.06.1985,ĆOLOMBiA,ARGENTINA	
26491,05.02.1989,ĆOLOMBIA,CHILE	
26497,07.07.1989,BRAZI L,COLOMBIA	
26501,27.08.1989,PARAGUAY,(OLOMBIA	
26517,23.06.1990,CAM EROON,COLOMBIA	
26532,31.03.1993,COLOAIBIA,COSTA RICA	
26560,03.06.1994,COLOMBiA,NORTHERN IRELAND	
26565,31.01.1995,SОUТH KOREA,COLOMBIA	
26588,02.06.1996,PERÚ,COLOMBIA	
26612,08.10.1997,NORWAY,COLON
26625,15.04.1999,VENEZUELA,ĆOLOMBiA	i-
26632,07.07.1999,COLOMBIA,E(IVADOR	
26641,23.02.2000,COLOMВIA,PERU	
26664,26.07.2001,,
26665,29.07.2001,COLOMBIA,MEYIC()	
26666,04.08.2001,COLOıBIA,LIBERIA	
26672,07.05.2002,VENEZUELA,ĆOLOMBIA	
26676,12.02.2003,M EXICΠ,COLOMBIA	
26677,29.03.2003,SOUTFI KOREA,COLOMBIA	
26684,,TURKEY,COLOMBIA	
26686,,COLOMBIA,GUATEMALA	
26687,,BRAZIL,COLOMBIA	
26691,15.11.2003,,
26697,,,
26700,09.07.2004,,
26705,05.09.2004,(HILF,COLOMBIA	
26706,09.10.2004,(OLOMBIA,PARAGUAY	
26707,13.10.2004,BRAZIL,(OLOMBIA	
26709,15.01.2005,COLOMBIA,SOIiIH KOREA	
26710,17.01.2005,,
26711,23.02.2005,MEDICO,COLOMBIA	
26712,09.03.2005,UNITED sTAТES,COLOMBIA	
26713,,VENEZUELA,COLOMBIA	
26715,,,
26716,,(OLONiBiA,PERU	
26719,10.07.2005,HONDURAS,(OlAMBIA	
26720,12.07.2005,COLONIBIA,TRINIDAD & TOBAGO	
26723,,,
26725,,VENEZUELA,ĆOLOMBIA	
26726,24.05.2006,,
26755,29.10.1911,URUGIJAY,ARGENTINA	
26787,06.10.1917,ARGENTINA,CHiLE	
26851,25.10.1924,ĆHiLE,ARGENTINA	
26872,02.06.1928,ARGENTINA,BELGH JM	
26944,04.03.1941,CHiLE,ARGENTINA	
26988,07.12.1952,SPAiN,ARGENTINA	
26998,27.03.1955,ARGENTINA,UURL GUAY.	
27005,28.02.1956,ARGENTINA,PERD	
27011,01.07.1956,URUGUAY,ARGEN"lINA	
27025,23.05.1957,URUG(IAY,ARGENTINA	
27026,05.06.1957,ARGENTINA,LIRLIGLJAY	
27052,10.03.1960,ARGENTINA,MЕХICO	
27064,17.12.1960,ARGENTINA,ECUAΠOR	
27080,21.11.1962,ARGENTINA,CHiLE	
27113,18.01.1967,ARGENTINA,PARAGUAI	
27132,22.12.1968,ARGENTINA,YUGOSLAVIА	
27155,04.08.1971,ARGENTINA,CHILL	
27159,25.06.1972,ARGENTINA,ИΡRANCL	
27170,17.05.1973,ARGENTINA,tRt(C[~A
27171,23.05.1973,t RtiGt~AY,λRGENΓINλ	
27173,18.07.1973,,
27174,27.07.1973,ARGENTINA,PERT	
27255,15.10.1980,ARGENTINA,CZCHOSLOVAКIA	
27298,26.05.1985,VENEZIΓELA,ARGENΓINA	
27321,11.07.1987,ARGENTINA,COLOMВIА	
27322,16.12.1987,ARGENTINA,WEST GERN
27325,06.07.1988,ARGENTINA,NAI¡Di ARABIA	
27338,14.07.1989,,
27339,,ARGENTINA,PARAGIA
27340,21.12.1989,,
27341,28.03.1990,S(OTLAN),ARGENTINA	
27342,,Al(STRIA,ARGENTINA	
27343,08.05.1990,,
"""utrut,(AMEROON,Dr.,(artos Salvador Bilardo (75)
27346,13.06.1990,,
27347,18.06.1990,ARGENTINA,RONl%NIA	
27349,30.06.1990,ARGENTINA,ll:GOSL,A
27350,03.07.1990,,
27351,08.07.1990,CERMANI,,λRCENIINA	
27352,20.02.1991,I	ARCENTINA,I
27353,13.03.1991,,
27354,27.03.1991,,
27355,19.05.1991,INITH) SlATES,ARCENTIN.
27356,23.05.1991,,
27358,27.06.1991,BRAZIl.,ARGENTINA	
27360,10.07.1991,,
27362,14.07.1991,ARGENTINA,PERL	
27364,19.07.1991,,
27366,21.07.1991,ARGENTINA,(OLOMBIA	
27368,03.06.1992,,
27369,18.06.1992,ARGENTINA,A
27372,,SAUDI ARABIA,ARGENTINA	
27374,18.02.1993,,
27377,20.06.1993,ARGENTINA,MEYi(
27387,05.09.1993,ARGENTINA,COL
27389,17.11.1993,ARGENTINA,AЕSTRALIA	
27392,20.04.1993,ARCENTINA,ti
27393,25.05.1993,,
27394,31.05.1993,ISRAEL,,AR(;і:NгiNA	
27395,04.06.1994,,
27396,21.06.1904,ARGENTiNA,GREE(E	
27397,,ARCENTINA,NIGИ:RIA	
27398,,B(!LGARIA,AR(, NTINA	
27399,03.07.1994,,
27400,16.11.1994,,
27401,21.12.1994,ARGENTINA,RO
27402,27.12.1994,,
27403,08.01.1995,ARGENIIN:I,J:IIAN	
27404,10.01.1995,,
"""ah 1.ıniratιs,,,ARG
27406,,AR(;ENTINA,В
27407,,,
27408,,,
27409,31.05.1995,,
27410,22.06.1995,,
27411,30.06.1995,ARGT ŃIINA,AUSlRA
27412,08.07.1995,,
27413,11.07.1995,,
27414,14.07.1995,l!NIТED STATES,ARGENTINA	
27415,17.07.1995,,
27416,20.09.1995,,
27417,11.10.1995,ARGENTINA,(OL
27452,21.06.1998,ARGENTINA,JAMAiĆA	
27468,13.10.1999,ARGENTINA,ĆOLOMBiA	
27508,09.09.2003,VENEZUELA,AR(;ENTINn	
27520,17.07.2004,,
27521,20.07.2004,ARGENTINA,(OL
27541,09.10.2005,ARGENTINA,PERT	
27547,10.06.2006,,
27957,19.12.1946,CURACAO,VENEZUELA	
27959,26.12.1946,VENEZUELA,PORTO RICO	
27963,21.03.1955,ĆURACAO,VENEZUELA	
27980,13.11.1971,VENEZUELA,TRINIDAD&TOBAGO	
28013,24.01.1984,MEλICO,VENEZUELA	
28033,06.08.1989,VENEZUELA,ĆHiLE	
28053,29.08.1993,URUGIIAY,VENEZUELA	
28068,02.06.1996,VENEZUELA,ĆHiLE	
28080,19.02.1997,COSTA RiCA,VENEZUELA	
28115,25.07.2000,VENEZUELA,C
28137,21.08.2002,VENEZUELA,BOLIVA	
28147,20.08.2003,VENEZUELA,HAITi	
28150,15.11.2003,ĆOLOMBIA,VENEZUELA	
28152,18.02.2004,VENEZUELA,AUŚTRALIA	
28155,28.04.2004,JAMAIĆA,VENEZUELA	
28270,16.03.1957,PERU,CHiLE	
28298,28.04.1965,PERIL,CHILE	
28352,05.04.1972,MEXICO,PERIL	
28447,03.08.1983,CHILE,PERII	
28451,28.08.1983,COLOМВIA,PERU	
28459,09.08.1984,PERU,COLOIIIBIA	
28523,30.01.1993,PERU,BELARl
28551,25.06.1995,PERU,SLOVAКIA	
28597,29.06.1999,PERN,JAPAN	
28767,23.12.1947,PARAGUAY,CHiLE	
28790,01.04.1953,PARAGUAY,BRAZiL	
28805,29.01.1956,PARAGUAY,BRAZiL	
28926,16.09.1973,PARAGUAY,ARGENТ NA	
28997,06.02.1985,ĆHiLE,PARAGUAY	
29008,09.10.1985,PARAGUAY,CHiLE	
29013,10.11.1985,PARAGUAY,CHiLE	
29054,01.06.1989,PARAGUAY,BOLiVIA	
29086,05.09.1993,PERL,PARAGUAY	
29137,19.06.1998,PARAGUAY,SPAiN	
29164,21.06.2000,PARAGUAY,Ć OSTA RiCA	
29277,09.10.2004,ĆOLOMBiA,PARAGUAY	
29304,25.07.1965,ECUADOR,(OLОMß
29335,12.05.1973,HAITi,ECUADOR	
29373,14.06.1981,CHiLE,ECUADOR	
29394,31.03.1985,EĆUADOR,URUGUAY	
29395,05.03.1987,ĆUBА,ECUADOR	
29411,19.06.1988,COSТA RICA,ECUADOR	
29441,06.08.1992,ECUADOR,COSTA RiCA	
29484,30.06.1996,ECUADOR,ARM ENIA	
29517,14.04.1999,MEXICO,EĆUADOR	
29559,20.01.2002,HAiTI,ECUADOR	
29615,25.01.2006,ECUADOR,HOŃDURAS	
29751,07.03.1954,PARAGUAY,BRAZ L	
29877,02.06.1965,BRAZIL,BELC UM	
29924,06.11.1968,BRAZIL,FIFA „WORLD XI"	
29979,01.05.1974,BØZIL,AUSTRIA	
29984,22.06.1974,BRAZIL,ZAIRE	
30004,01.12.1976,BRAZIL,SOVIE`l rINIOX	
30091,25.04.1985,BRAZIL,COLOIIBIA	
30160,20.06.1990,BRAZIL,SCOТLAND	
30173,15.07.1991,BRAZIL,EĆUADOR	
30175,19.07.1991,BRAZII:,COLOMBIA	
30236,17.07.1994,BRAZIL,IIALY	
30240,22.02.1995,BRAZIL,SLOVAКIA	
30273,08.01.1948,PERM,BOLIVIA	
30306,02.04.1997,BRAZIL,CHU E	
30315,29.09.1957,BOLIVIA,ĆHiLE	
30370,01.02.1967,ĆHiLE,BOLIVIA	
30398,24.07.1973,ĆHiLE,BOLIVIA	
30471,29.01.1981,BOLIVIA,CZEĆHOSLOVAКIA	
30540,12.02.2003,ĆHINA P.R.,BRAZIL	
30606,12.09.1993,URIIGUAY,BOLIVIA	
30611,17.11.2004,ECUADOR,BRAZiL	
30736,19.07.2001,COSTA RiCA,BOLIVIA	
30755,30.03.2004,BOLIVIA,ĆHiLE	
30768,04.06.2005,CHiLE,BOLIVIA	
30803,02.08.1948,KOREA,MEXICO	
30893,05.01.1967,MEXICO,ŚWITZERLAND	
30913,10.07.1968,NIEXICO,BRAZIL	
30981,26.01.1972,MEXICO,CHiLE	
31026,15.10.1977,MEXICO,SURINAM	
31048,08.04.1980,MEXICO,HONDiIRAS	
31123,11.06.1986,MEXICO,IRAK	
31128,29.03.1987,BAHAMAŚ,MEXICO	
31177,08.11.1992,ST VINCENT & GRENADINES,MEXICO	
31181,06.12.1992,MEXICO,ST VINCENT & GRENADINES	
31182,13.12.1992,HONDURAŚ,MEXICO	
31184,27.01.1993,ŚPAIN,MEXICO	
31200,11.07.1993,MEXICO,MARTINICA	
31242,11.01.1996,MEXICO,ST VINCENT & GRENADINES	
31252,16.06.1996,UNΓГED STATES,MEXICO	
31254,15.09.1996,ST VINCENT & GRENADINES,MEXICO	
31258,30.10.1996,MEXICO,ST VINCENT & GRENADINES	
31285,25.05.1924,UNITED STATEŚ,EŚTONIA	
31290,12.12.1997,AUSТRALIA,MEXICO	
31311,09.05.1998,MEXICO,EŚTONIA	
31318,31.05.1998,ЛIEXICO,JAPAN	
31335,25.06.1950,SPAIN,UNITED ŠTATEŚ	
31386,23.10.1968,HAΓΓI,UNITED STATES	
31546,24.07.2003,MEXICO,COSТA RICA	
31570,07.07.2004,,
31574,13.07.2004,,
31580,06.10.2004,MEXICO,ST VINCENT & GRENADINES •	
31583,10.10.2004,ST VINCENT & GRENADINES,MEXICO	
31591,13.11.2004,ST KITTS & NEVIS,MEXICO	
31645,26.10.2005,,
31651,25.01.2006,,
31666,25.01.1992,UNITED ŚTATES,C.I.Ś.*	
31668,02.02.1992,UNITED STATES,C.I.S.	
31684,28.03.2007,,
31688,,MEXICO,PARAGUAY	
31690,8.06.2007,,
31709,06.02.1993,UNITEDSTATES,ROMANIA	
31745,29.01.1994,UNITED STATES,RUŚSIA	
31750,12.03.1994,UNITED ŠTATEŚ,SOUTH KOREA	
31802,22.01.1997,UNITEЛ STATES,DENMARK LEAGUE XI	
31863,15.11.2000,BARBADOŚ,UNITED STATES	
31969,12.06.2007,,
31975,,,
